Pokedex Number,Pokemon Name,Primary Type,Secondary Type,Legendary Type,Health Stat,Attack Stat,Defense Stat,Special Attack Stat,Special Defense Stat,Speed Stat,Base Stat Total,Is Legendary,Has Secondary Type
1,"""Bulbasaur""","""Grass""","""Poison""",Normal,45,49,49,65,65,45,318,0,1
2,"""Ivysaur""","""Grass""","""Poison""",Normal,60,62,63,80,80,60,405,0,1
3,"""Venusaur""","""Grass""","""Poison""",Normal,80,82,83,100,100,80,525,0,1
4,"""Charmander""","""Fire""",None,Normal,39,52,43,60,50,65,309,0,0
5,"""Charmeleon""","""Fire""",None,Normal,58,64,58,80,65,80,405,0,0
6,"""Charizard""","""Fire""","""Flying""",Normal,78,84,78,109,85,100,534,0,1
7,"""Squirtle""","""Water""",None,Normal,44,48,65,50,64,43,314,0,0
8,"""Wartortle""","""Water""",None,Normal,59,63,80,65,80,58,405,0,0
9,"""Blastoise""","""Water""",None,Normal,79,83,100,85,105,78,530,0,0
10,"""Caterpie""","""Bug""",None,Normal,45,30,35,20,20,45,195,0,0
11,"""Metapod""","""Bug""",None,Normal,50,20,55,25,25,30,205,0,0
12,"""Butterfree""","""Bug""","""Flying""",Normal,60,45,50,90,80,70,395,0,1
13,"""Weedle""","""Bug""","""Poison""",Normal,40,35,30,20,20,50,195,0,1
14,"""Kakuna""","""Bug""","""Poison""",Normal,45,25,50,25,25,35,205,0,1
15,"""Beedrill""","""Bug""","""Poison""",Normal,65,150,40,15,80,145,495,0,1
16,"""Pidgey""","""Normal""","""Flying""",Normal,40,45,40,35,35,56,251,0,1
17,"""Pidgeotto""","""Normal""","""Flying""",Normal,63,60,55,50,50,71,349,0,1
18,"""Pidgeot""","""Normal""","""Flying""",Normal,83,80,80,135,80,121,579,0,1
19,"""Rattata""","""Dark""","""Normal""",Normal,30,56,35,25,35,72,253,0,1
20,"""Raticate""","""Dark""","""Normal""",Normal,75,71,70,40,80,77,413,0,1
21,"""Spearow""","""Normal""","""Flying""",Normal,40,60,30,31,31,70,262,0,1
22,"""Fearow""","""Normal""","""Flying""",Normal,65,90,65,61,61,100,442,0,1
23,"""Ekans""","""Poison""",None,Normal,35,60,44,40,54,55,288,0,0
24,"""Arbok""","""Poison""",None,Normal,60,95,69,65,79,80,448,0,0
25,"""Pikachu""","""Electric""",None,Normal,45,80,50,75,60,120,430,0,0
26,"""Raichu""","""Electric""","""Psychic""",Normal,60,85,50,95,85,110,485,0,1
27,"""Sandshrew""","""Ice""","""Steel""",Normal,50,75,90,10,35,40,300,0,1
28,"""Sandslash""","""Ice""","""Steel""",Normal,75,100,120,25,65,65,450,0,1
29,"""Nidoran (Female)""","""Poison""",None,Normal,55,47,52,40,40,41,275,0,0
30,"""Nidorina""","""Poison""",None,Normal,70,62,67,55,55,56,365,0,0
31,"""Nidoqueen""","""Poison""","""Ground""",Normal,90,92,87,75,85,76,505,0,1
32,"""Nidoran (Male)""","""Poison""",None,Normal,46,57,40,40,40,50,273,0,0
33,"""Nidorino""","""Poison""",None,Normal,61,72,57,55,55,65,365,0,0
34,"""Nidoking""","""Poison""","""Ground""",Normal,81,102,77,85,75,85,505,0,1
35,"""Clefairy""","""Fairy""",None,Normal,70,45,48,60,65,35,323,0,0
36,"""Clefable""","""Fairy""",None,Normal,95,70,73,95,90,60,483,0,0
37,"""Vulpix""","""Ice""",None,Normal,38,41,40,50,65,65,299,0,0
38,"""Ninetales""","""Ice""","""Fairy""",Normal,73,67,75,81,100,109,505,0,1
39,"""Jigglypuff""","""Normal""","""Fairy""",Normal,115,45,20,45,25,20,270,0,1
40,"""Wigglytuff""","""Normal""","""Fairy""",Normal,140,70,45,85,50,45,435,0,1
41,"""Zubat""","""Poison""","""Flying""",Normal,40,45,35,30,40,55,245,0,1
42,"""Golbat""","""Poison""","""Flying""",Normal,75,80,70,65,75,95,460,0,1
43,"""Oddish""","""Grass""","""Poison""",Normal,45,50,55,75,65,30,320,0,1
44,"""Gloom""","""Grass""","""Poison""",Normal,60,65,70,85,75,40,395,0,1
45,"""Vileplume""","""Grass""","""Poison""",Normal,75,80,85,110,90,50,490,0,1
46,"""Paras""","""Bug""","""Grass""",Normal,35,70,55,45,55,25,285,0,1
47,"""Parasect""","""Bug""","""Grass""",Normal,60,95,80,60,80,30,405,0,1
48,"""Venonat""","""Bug""","""Poison""",Normal,60,55,50,40,55,45,305,0,1
49,"""Venomoth""","""Bug""","""Poison""",Normal,70,65,60,90,75,90,450,0,1
50,"""Diglett""","""Ground""","""Steel""",Normal,10,55,30,35,45,90,265,0,1
51,"""Dugtrio""","""Ground""",None,Normal,35,100,50,50,70,120,425,0,0
52,"""Meowth""","""Normal""",None,Normal,40,45,35,40,40,90,290,0,0
53,"""Persian""","""Dark""",None,Normal,65,60,60,75,65,115,440,0,0
54,"""Psyduck""","""Water""",None,Normal,50,52,48,65,50,55,320,0,0
55,"""Golduck""","""Water""",None,Normal,80,82,78,95,80,85,500,0,0
56,"""Mankey""","""Fighting""",None,Normal,40,80,35,35,45,70,305,0,0
57,"""Primeape""","""Fighting""",None,Normal,65,105,60,60,70,95,455,0,0
58,"""Growlithe""","""Fire""","""Rock""",Normal,60,75,45,65,50,55,350,0,1
59,"""Arcanine""","""Fire""","""Rock""",Normal,95,115,80,95,80,90,555,0,1
60,"""Poliwag""","""Water""",None,Normal,40,50,40,40,40,90,300,0,0
61,"""Poliwhirl""","""Water""",None,Normal,65,65,65,50,50,90,385,0,0
62,"""Poliwrath""","""Water""","""Fighting""",Normal,90,95,95,70,90,70,510,0,1
63,"""Abra""","""Psychic""",None,Normal,25,20,15,105,55,90,310,0,0
64,"""Kadabra""","""Psychic""",None,Normal,40,35,30,120,70,105,400,0,0
65,"""Alakazam""","""Psychic""",None,Normal,55,50,65,175,105,150,600,0,0
66,"""Machop""","""Fighting""",None,Normal,70,80,50,35,35,35,305,0,0
67,"""Machoke""","""Fighting""",None,Normal,80,100,70,50,60,45,405,0,0
68,"""Machamp""","""Fighting""",None,Normal,90,130,80,65,85,55,505,0,0
69,"""Bellsprout""","""Grass""","""Poison""",Normal,50,75,35,70,30,40,300,0,1
70,"""Weepinbell""","""Grass""","""Poison""",Normal,65,90,50,85,45,55,390,0,1
71,"""Victreebel""","""Grass""","""Poison""",Normal,80,105,65,100,70,70,490,0,1
72,"""Tentacool""","""Water""","""Poison""",Normal,40,40,35,50,100,70,335,0,1
73,"""Tentacruel""","""Water""","""Poison""",Normal,80,70,65,80,120,100,515,0,1
74,"""Geodude""","""Rock""","""Electric""",Normal,40,80,100,30,30,20,300,0,1
75,"""Graveler""","""Rock""","""Ground""",Normal,55,95,115,45,45,35,390,0,1
76,"""Golem""","""Rock""","""Electric""",Normal,80,120,130,55,65,45,495,0,1
77,"""Ponyta""","""Fire""",None,Normal,50,85,55,65,65,90,410,0,0
78,"""Rapidash""","""Psychic""","""Fairy""",Normal,65,100,70,80,80,105,500,0,1
79,"""Slowpoke""","""Water""","""Psychic""",Normal,90,65,65,40,40,15,315,0,1
80,"""Slowbro""","""Water""","""Psychic""",Normal,95,75,110,100,80,30,490,0,1
81,"""Magnemite""","""Electric""","""Steel""",Normal,25,35,70,95,55,45,325,0,1
82,"""Magneton""","""Electric""","""Steel""",Normal,50,60,95,120,70,70,465,0,1
83,"""Farfetch'd""","""Fighting""",None,Normal,52,95,55,58,62,55,377,0,0
84,"""Doduo""","""Normal""","""Flying""",Normal,35,85,45,35,35,75,310,0,1
85,"""Dodrio""","""Normal""","""Flying""",Normal,60,110,70,60,60,110,470,0,1
86,"""Seel""","""Water""",None,Normal,65,45,55,45,70,45,325,0,0
87,"""Dewgong""","""Water""","""Ice""",Normal,90,70,80,70,95,70,475,0,1
88,"""Grimer""","""Poison""","""Dark""",Normal,80,80,50,40,50,25,325,0,1
89,"""Muk""","""Poison""",None,Normal,105,105,75,65,100,50,500,0,0
90,"""Shellder""","""Water""",None,Normal,30,65,100,45,25,40,305,0,0
91,"""Cloyster""","""Water""","""Ice""",Normal,50,95,180,85,45,70,525,0,1
92,"""Gastly""","""Ghost""","""Poison""",Normal,30,35,30,100,35,80,310,0,1
93,"""Haunter""","""Ghost""","""Poison""",Normal,45,50,45,115,55,95,405,0,1
94,"""Gengar""","""Ghost""","""Poison""",Normal,60,65,80,170,95,130,600,0,1
95,"""Onix""","""Rock""","""Ground""",Normal,35,45,160,30,45,70,385,0,1
96,"""Drowzee""","""Psychic""",None,Normal,60,48,45,43,90,42,328,0,0
97,"""Hypno""","""Psychic""",None,Normal,85,73,70,73,115,67,483,0,0
98,"""Krabby""","""Water""",None,Normal,30,105,90,25,25,50,325,0,0
99,"""Kingler""","""Water""",None,Normal,55,130,115,50,50,75,475,0,0
100,"""Voltorb""","""Electric""","""Grass""",Normal,40,30,50,55,55,100,330,0,1
101,"""Electrode""","""Electric""","""Grass""",Normal,60,50,70,80,80,150,490,0,1
102,"""Exeggcute""","""Grass""","""Psychic""",Normal,60,40,80,60,45,40,325,0,1
103,"""Exeggutor""","""Grass""","""Dragon""",Normal,95,105,85,125,75,45,530,0,1
104,"""Cubone""","""Ground""",None,Normal,50,50,95,40,50,35,320,0,0
105,"""Marowak""","""Ghost""","""Fire""",Normal,60,80,110,50,80,45,425,0,1
106,"""Hitmonlee""","""Fighting""",None,Normal,50,120,53,35,110,87,455,0,0
107,"""Hitmonchan""","""Fighting""",None,Normal,50,105,79,35,110,76,455,0,0
108,"""Lickitung""","""Normal""",None,Normal,90,55,75,60,75,30,385,0,0
109,"""Koffing""","""Poison""",None,Normal,40,65,95,60,45,35,340,0,0
110,"""Weezing""","""Poison""","""Fairy""",Normal,65,90,120,85,70,60,490,0,1
111,"""Rhyhorn""","""Ground""","""Rock""",Normal,80,85,95,30,30,25,345,0,1
112,"""Rhydon""","""Ground""","""Rock""",Normal,105,130,120,45,45,40,485,0,1
113,"""Chansey""","""Normal""",None,Normal,250,5,5,35,105,50,450,0,0
114,"""Tangela""","""Grass""",None,Normal,65,55,115,100,40,60,435,0,0
115,"""Kangaskhan""","""Normal""",None,Normal,105,125,100,60,100,100,590,0,0
116,"""Horsea""","""Water""",None,Normal,30,40,70,70,25,60,295,0,0
117,"""Seadra""","""Water""",None,Normal,55,65,95,95,45,85,440,0,0
118,"""Goldeen""","""Water""",None,Normal,45,67,60,35,50,63,320,0,0
119,"""Seaking""","""Water""",None,Normal,80,92,65,65,80,68,450,0,0
120,"""Staryu""","""Water""",None,Normal,30,45,55,70,55,85,340,0,0
121,"""Starmie""","""Water""","""Psychic""",Normal,60,75,85,100,85,115,520,0,1
122,"""Mr. Mime""","""Ice""","""Psychic""",Normal,50,65,65,90,90,100,460,0,1
123,"""Scyther""","""Bug""","""Flying""",Normal,70,110,80,55,80,105,500,0,1
124,"""Jynx""","""Ice""","""Psychic""",Normal,65,50,35,115,95,95,455,0,1
125,"""Electabuzz""","""Electric""",None,Normal,65,83,57,95,85,105,490,0,0
126,"""Magmar""","""Fire""",None,Normal,65,95,57,100,85,93,495,0,0
127,"""Pinsir""","""Bug""","""Flying""",Normal,65,155,120,65,90,105,600,0,1
128,"""Tauros""","""Fighting""","""Water""",Normal,75,110,105,30,70,100,490,0,1
129,"""Magikarp""","""Water""",None,Normal,20,10,55,15,20,80,200,0,0
130,"""Gyarados""","""Water""","""Dark""",Normal,95,155,109,70,130,81,640,0,1
131,"""Lapras""","""Water""","""Ice""",Normal,130,85,80,85,95,60,535,0,1
132,"""Ditto""","""Normal""",None,Normal,48,48,48,48,48,48,288,0,0
133,"""Eevee""","""Normal""",None,Normal,65,75,70,65,85,75,435,0,0
134,"""Vaporeon""","""Water""",None,Normal,130,65,60,110,95,65,525,0,0
135,"""Jolteon""","""Electric""",None,Normal,65,65,60,110,95,130,525,0,0
136,"""Flareon""","""Fire""",None,Normal,65,130,60,95,110,65,525,0,0
137,"""Porygon""","""Normal""",None,Normal,65,60,70,85,75,40,395,0,0
138,"""Omanyte""","""Rock""","""Water""",Normal,35,40,100,90,55,35,355,0,1
139,"""Omastar""","""Rock""","""Water""",Normal,70,60,125,115,70,55,495,0,1
140,"""Kabuto""","""Rock""","""Water""",Normal,30,80,90,55,45,55,355,0,1
141,"""Kabutops""","""Rock""","""Water""",Normal,60,115,105,65,70,80,495,0,1
142,"""Aerodactyl""","""Rock""","""Flying""",Normal,80,135,85,70,95,150,615,0,1
143,"""Snorlax""","""Normal""",None,Normal,160,110,65,65,110,30,540,0,0
144,"""Articuno""","""Psychic""","""Flying""","""Sub-Legendary""",90,85,85,125,100,95,580,1,1
145,"""Zapdos""","""Fighting""","""Flying""","""Sub-Legendary""",90,125,90,85,90,100,580,1,1
146,"""Moltres""","""Dark""","""Flying""","""Sub-Legendary""",90,85,90,100,125,90,580,1,1
147,"""Dratini""","""Dragon""",None,Normal,41,64,45,50,50,50,300,0,0
148,"""Dragonair""","""Dragon""",None,Normal,61,84,65,70,70,70,420,0,0
149,"""Dragonite""","""Dragon""","""Flying""",Normal,91,134,95,100,100,80,600,0,1
150,"""Mewtwo""","""Psychic""",None,"""Legendary""",106,150,70,194,120,140,780,1,0
151,"""Mew""","""Psychic""",None,"""Mythical""",100,100,100,100,100,100,600,1,0
152,"""Chikorita""","""Grass""",None,Normal,45,49,65,49,65,45,318,0,0
153,"""Bayleef""","""Grass""",None,Normal,60,62,80,63,80,60,405,0,0
154,"""Meganium""","""Grass""",None,Normal,80,82,100,83,100,80,525,0,0
155,"""Cyndaquil""","""Fire""",None,Normal,39,52,43,60,50,65,309,0,0
156,"""Quilava""","""Fire""",None,Normal,58,64,58,80,65,80,405,0,0
157,"""Typhlosion""","""Fire""","""Ghost""",Normal,73,84,78,119,85,95,534,0,1
158,"""Totodile""","""Water""",None,Normal,50,65,64,44,48,43,314,0,0
159,"""Croconaw""","""Water""",None,Normal,65,80,80,59,63,58,405,0,0
160,"""Feraligatr""","""Water""",None,Normal,85,105,100,79,83,78,530,0,0
161,"""Sentret""","""Normal""",None,Normal,35,46,34,35,45,20,215,0,0
162,"""Furret""","""Normal""",None,Normal,85,76,64,45,55,90,415,0,0
163,"""Hoothoot""","""Normal""","""Flying""",Normal,60,30,30,36,56,50,262,0,1
164,"""Noctowl""","""Normal""","""Flying""",Normal,100,50,50,86,96,70,452,0,1
165,"""Ledyba""","""Bug""","""Flying""",Normal,40,20,30,40,80,55,265,0,1
166,"""Ledian""","""Bug""","""Flying""",Normal,55,35,50,55,110,85,390,0,1
167,"""Spinarak""","""Bug""","""Poison""",Normal,40,60,40,40,40,30,250,0,1
168,"""Ariados""","""Bug""","""Poison""",Normal,70,90,70,60,70,40,400,0,1
169,"""Crobat""","""Poison""","""Flying""",Normal,85,90,80,70,80,130,535,0,1
170,"""Chinchou""","""Water""","""Electric""",Normal,75,38,38,56,56,67,330,0,1
171,"""Lanturn""","""Water""","""Electric""",Normal,125,58,58,76,76,67,460,0,1
172,"""Pichu""","""Electric""",None,Normal,20,40,15,35,35,60,205,0,0
173,"""Cleffa""","""Fairy""",None,Normal,50,25,28,45,55,15,218,0,0
174,"""Igglybuff""","""Normal""","""Fairy""",Normal,90,30,15,40,20,15,210,0,1
175,"""Togepi""","""Fairy""",None,Normal,35,20,65,40,65,20,245,0,0
176,"""Togetic""","""Fairy""","""Flying""",Normal,55,40,85,80,105,40,405,0,1
177,"""Natu""","""Psychic""","""Flying""",Normal,40,50,45,70,45,70,320,0,1
178,"""Xatu""","""Psychic""","""Flying""",Normal,65,75,70,95,70,95,470,0,1
179,"""Mareep""","""Electric""",None,Normal,55,40,40,65,45,35,280,0,0
180,"""Flaaffy""","""Electric""",None,Normal,70,55,55,80,60,45,365,0,0
181,"""Ampharos""","""Electric""","""Dragon""",Normal,90,95,105,165,110,45,610,0,1
182,"""Bellossom""","""Grass""",None,Normal,75,80,95,90,100,50,490,0,0
183,"""Marill""","""Water""","""Fairy""",Normal,70,20,50,20,50,40,250,0,1
184,"""Azumarill""","""Water""","""Fairy""",Normal,100,50,80,60,80,50,420,0,1
185,"""Sudowoodo""","""Rock""",None,Normal,70,110,115,30,65,30,420,0,0
186,"""Politoed""","""Water""",None,Normal,90,75,75,90,100,70,500,0,0
187,"""Hoppip""","""Grass""","""Flying""",Normal,35,35,40,35,55,50,250,0,1
188,"""Skiploom""","""Grass""","""Flying""",Normal,55,45,50,45,65,80,340,0,1
189,"""Jumpluff""","""Grass""","""Flying""",Normal,75,55,70,55,95,110,460,0,1
190,"""Aipom""","""Normal""",None,Normal,55,70,55,40,55,85,360,0,0
191,"""Sunkern""","""Grass""",None,Normal,30,30,30,30,30,30,180,0,0
192,"""Sunflora""","""Grass""",None,Normal,75,75,55,105,85,30,425,0,0
193,"""Yanma""","""Bug""","""Flying""",Normal,65,65,45,75,45,95,390,0,1
194,"""Wooper""","""Poison""","""Ground""",Normal,55,45,45,25,25,15,210,0,1
195,"""Quagsire""","""Water""","""Ground""",Normal,95,85,85,65,65,35,430,0,1
196,"""Espeon""","""Psychic""",None,Normal,65,65,60,130,95,110,525,0,0
197,"""Umbreon""","""Dark""",None,Normal,95,65,110,60,130,65,525,0,0
198,"""Murkrow""","""Dark""","""Flying""",Normal,60,85,42,85,42,91,405,0,1
199,"""Slowking""","""Poison""","""Psychic""",Normal,95,65,80,110,110,30,490,0,1
200,"""Misdreavus""","""Ghost""",None,Normal,60,60,60,85,85,85,435,0,0
201,"""Unown""","""Psychic""",None,Normal,48,72,48,72,48,48,336,0,0
202,"""Wobbuffet""","""Psychic""",None,Normal,190,33,58,33,58,33,405,0,0
203,"""Girafarig""","""Normal""","""Psychic""",Normal,70,80,65,90,65,85,455,0,1
204,"""Pineco""","""Bug""",None,Normal,50,65,90,35,35,15,290,0,0
205,"""Forretress""","""Bug""","""Steel""",Normal,75,90,140,60,60,40,465,0,1
206,"""Dunsparce""","""Normal""",None,Normal,100,70,70,65,65,45,415,0,0
207,"""Gligar""","""Ground""","""Flying""",Normal,65,75,105,35,65,85,430,0,1
208,"""Steelix""","""Steel""","""Ground""",Normal,75,125,230,55,95,30,610,0,1
209,"""Snubbull""","""Fairy""",None,Normal,60,80,50,40,40,30,300,0,0
210,"""Granbull""","""Fairy""",None,Normal,90,120,75,60,60,45,450,0,0
211,"""Qwilfish""","""Dark""","""Poison""",Normal,65,95,85,55,55,85,440,0,1
212,"""Scizor""","""Bug""","""Steel""",Normal,70,150,140,65,100,75,600,0,1
213,"""Shuckle""","""Bug""","""Rock""",Normal,20,10,230,10,230,5,505,0,1
214,"""Heracross""","""Bug""","""Fighting""",Normal,80,185,115,40,105,75,600,0,1
215,"""Sneasel""","""Fighting""","""Poison""",Normal,55,95,55,35,75,115,430,0,1
216,"""Teddiursa""","""Normal""",None,Normal,60,80,50,50,50,40,330,0,0
217,"""Ursaring""","""Normal""",None,Normal,90,130,75,75,75,55,500,0,0
218,"""Slugma""","""Fire""",None,Normal,40,40,40,70,40,20,250,0,0
219,"""Magcargo""","""Fire""","""Rock""",Normal,60,50,120,90,80,30,430,0,1
220,"""Swinub""","""Ice""","""Ground""",Normal,50,50,40,30,30,50,250,0,1
221,"""Piloswine""","""Ice""","""Ground""",Normal,100,100,80,60,60,50,450,0,1
222,"""Corsola""","""Ghost""",None,Normal,60,55,100,65,100,30,410,0,0
223,"""Remoraid""","""Water""",None,Normal,35,65,35,65,35,65,300,0,0
224,"""Octillery""","""Water""",None,Normal,75,105,75,105,75,45,480,0,0
225,"""Delibird""","""Ice""","""Flying""",Normal,45,55,45,65,45,75,330,0,1
226,"""Mantine""","""Water""","""Flying""",Normal,85,40,70,80,140,70,485,0,1
227,"""Skarmory""","""Steel""","""Flying""",Normal,65,80,140,40,70,70,465,0,1
228,"""Houndour""","""Dark""","""Fire""",Normal,45,60,30,80,50,65,330,0,1
229,"""Houndoom""","""Dark""","""Fire""",Normal,75,90,90,140,90,115,600,0,1
230,"""Kingdra""","""Water""","""Dragon""",Normal,75,95,95,95,95,85,540,0,1
231,"""Phanpy""","""Ground""",None,Normal,90,60,60,40,40,40,330,0,0
232,"""Donphan""","""Ground""",None,Normal,90,120,120,60,60,50,500,0,0
233,"""Porygon2""","""Normal""",None,Normal,85,80,90,105,95,60,515,0,0
234,"""Stantler""","""Normal""",None,Normal,73,95,62,85,65,85,465,0,0
235,"""Smeargle""","""Normal""",None,Normal,55,20,35,20,45,75,250,0,0
236,"""Tyrogue""","""Fighting""",None,Normal,35,35,35,35,35,35,210,0,0
237,"""Hitmontop""","""Fighting""",None,Normal,50,95,95,35,110,70,455,0,0
238,"""Smoochum""","""Ice""","""Psychic""",Normal,45,30,15,85,65,65,305,0,1
239,"""Elekid""","""Electric""",None,Normal,45,63,37,65,55,95,360,0,0
240,"""Magby""","""Fire""",None,Normal,45,75,37,70,55,83,365,0,0
241,"""Miltank""","""Normal""",None,Normal,95,80,105,40,70,100,490,0,0
242,"""Blissey""","""Normal""",None,Normal,255,10,10,75,135,55,540,0,0
243,"""Raikou""","""Electric""",None,"""Sub-Legendary""",90,85,75,115,100,115,580,1,0
244,"""Entei""","""Fire""",None,"""Sub-Legendary""",115,115,85,90,75,100,580,1,0
245,"""Suicune""","""Water""",None,"""Sub-Legendary""",100,75,115,90,115,85,580,1,0
246,"""Larvitar""","""Rock""","""Ground""",Normal,50,64,50,45,50,41,300,0,1
247,"""Pupitar""","""Rock""","""Ground""",Normal,70,84,70,65,70,51,410,0,1
248,"""Tyranitar""","""Rock""","""Dark""",Normal,100,164,150,95,120,71,700,0,1
249,"""Lugia""","""Psychic""","""Flying""","""Legendary""",106,90,130,90,154,110,680,1,1
250,"""Ho-Oh""","""Fire""","""Flying""","""Legendary""",106,130,90,110,154,90,680,1,1
251,"""Celebi""","""Psychic""","""Grass""","""Mythical""",100,100,100,100,100,100,600,1,1
252,"""Treecko""","""Grass""",None,Normal,40,45,35,65,55,70,310,0,0
253,"""Grovyle""","""Grass""",None,Normal,50,65,45,85,65,95,405,0,0
254,"""Sceptile""","""Grass""","""Dragon""",Normal,70,110,75,145,85,145,630,0,1
255,"""Torchic""","""Fire""",None,Normal,45,60,40,70,50,45,310,0,0
256,"""Combusken""","""Fire""","""Fighting""",Normal,60,85,60,85,60,55,405,0,1
257,"""Blaziken""","""Fire""","""Fighting""",Normal,80,160,80,130,80,100,630,0,1
258,"""Mudkip""","""Water""",None,Normal,50,70,50,50,50,40,310,0,0
259,"""Marshtomp""","""Water""","""Ground""",Normal,70,85,70,60,70,50,405,0,1
260,"""Swampert""","""Water""","""Ground""",Normal,100,150,110,95,110,70,635,0,1
261,"""Poochyena""","""Dark""",None,Normal,35,55,35,30,30,35,220,0,0
262,"""Mightyena""","""Dark""",None,Normal,70,90,70,60,60,70,420,0,0
263,"""Zigzagoon""","""Dark""","""Normal""",Normal,38,30,41,30,41,60,240,0,1
264,"""Linoone""","""Dark""","""Normal""",Normal,78,70,61,50,61,100,420,0,1
265,"""Wurmple""","""Bug""",None,Normal,45,45,35,20,30,20,195,0,0
266,"""Silcoon""","""Bug""",None,Normal,50,35,55,25,25,15,205,0,0
267,"""Beautifly""","""Bug""","""Flying""",Normal,60,70,50,100,50,65,395,0,1
268,"""Cascoon""","""Bug""",None,Normal,50,35,55,25,25,15,205,0,0
269,"""Dustox""","""Bug""","""Poison""",Normal,60,50,70,50,90,65,385,0,1
270,"""Lotad""","""Water""","""Grass""",Normal,40,30,30,40,50,30,220,0,1
271,"""Lombre""","""Water""","""Grass""",Normal,60,50,50,60,70,50,340,0,1
272,"""Ludicolo""","""Water""","""Grass""",Normal,80,70,70,90,100,70,480,0,1
273,"""Seedot""","""Grass""",None,Normal,40,40,50,30,30,30,220,0,0
274,"""Nuzleaf""","""Grass""","""Dark""",Normal,70,70,40,60,40,60,340,0,1
275,"""Shiftry""","""Grass""","""Dark""",Normal,90,100,60,90,60,80,480,0,1
276,"""Taillow""","""Normal""","""Flying""",Normal,40,55,30,30,30,85,270,0,1
277,"""Swellow""","""Normal""","""Flying""",Normal,60,85,60,75,50,125,455,0,1
278,"""Wingull""","""Water""","""Flying""",Normal,40,30,30,55,30,85,270,0,1
279,"""Pelipper""","""Water""","""Flying""",Normal,60,50,100,95,70,65,440,0,1
280,"""Ralts""","""Psychic""","""Fairy""",Normal,28,25,25,45,35,40,198,0,1
281,"""Kirlia""","""Psychic""","""Fairy""",Normal,38,35,35,65,55,50,278,0,1
282,"""Gardevoir""","""Psychic""","""Fairy""",Normal,68,85,65,165,135,100,618,0,1
283,"""Surskit""","""Bug""","""Water""",Normal,40,30,32,50,52,65,269,0,1
284,"""Masquerain""","""Bug""","""Flying""",Normal,70,60,62,100,82,80,454,0,1
285,"""Shroomish""","""Grass""",None,Normal,60,40,60,40,60,35,295,0,0
286,"""Breloom""","""Grass""","""Fighting""",Normal,60,130,80,60,60,70,460,0,1
287,"""Slakoth""","""Normal""",None,Normal,60,60,60,35,35,30,280,0,0
288,"""Vigoroth""","""Normal""",None,Normal,80,80,80,55,55,90,440,0,0
289,"""Slaking""","""Normal""",None,Normal,150,160,100,95,65,100,670,0,0
290,"""Nincada""","""Bug""","""Ground""",Normal,31,45,90,30,30,40,266,0,1
291,"""Ninjask""","""Bug""","""Flying""",Normal,61,90,45,50,50,160,456,0,1
292,"""Shedinja""","""Bug""","""Ghost""",Normal,1,90,45,30,30,40,236,0,1
293,"""Whismur""","""Normal""",None,Normal,64,51,23,51,23,28,240,0,0
294,"""Loudred""","""Normal""",None,Normal,84,71,43,71,43,48,360,0,0
295,"""Exploud""","""Normal""",None,Normal,104,91,63,91,73,68,490,0,0
296,"""Makuhita""","""Fighting""",None,Normal,72,60,30,20,30,25,237,0,0
297,"""Hariyama""","""Fighting""",None,Normal,144,120,60,40,60,50,474,0,0
298,"""Azurill""","""Normal""","""Fairy""",Normal,50,20,40,20,40,20,190,0,1
299,"""Nosepass""","""Rock""",None,Normal,30,45,135,45,90,30,375,0,0
300,"""Skitty""","""Normal""",None,Normal,50,45,45,35,35,50,260,0,0
301,"""Delcatty""","""Normal""",None,Normal,70,65,65,55,55,90,400,0,0
302,"""Sableye""","""Dark""","""Ghost""",Normal,50,85,125,85,115,20,480,0,1
303,"""Mawile""","""Steel""","""Fairy""",Normal,50,105,125,55,95,50,480,0,1
304,"""Aron""","""Steel""","""Rock""",Normal,50,70,100,40,40,30,330,0,1
305,"""Lairon""","""Steel""","""Rock""",Normal,60,90,140,50,50,40,430,0,1
306,"""Aggron""","""Steel""",None,Normal,70,140,230,60,80,50,630,0,0
307,"""Meditite""","""Fighting""","""Psychic""",Normal,30,40,55,40,55,60,280,0,1
308,"""Medicham""","""Fighting""","""Psychic""",Normal,60,100,85,80,85,100,510,0,1
309,"""Electrike""","""Electric""",None,Normal,40,45,40,65,40,65,295,0,0
310,"""Manectric""","""Electric""",None,Normal,70,75,80,135,80,135,575,0,0
311,"""Plusle""","""Electric""",None,Normal,60,50,40,85,75,95,405,0,0
312,"""Minun""","""Electric""",None,Normal,60,40,50,75,85,95,405,0,0
313,"""Volbeat""","""Bug""",None,Normal,65,73,75,47,85,85,430,0,0
314,"""Illumise""","""Bug""",None,Normal,65,47,75,73,85,85,430,0,0
315,"""Roselia""","""Grass""","""Poison""",Normal,50,60,45,100,80,65,400,0,1
316,"""Gulpin""","""Poison""",None,Normal,70,43,53,43,53,40,302,0,0
317,"""Swalot""","""Poison""",None,Normal,100,73,83,73,83,55,467,0,0
318,"""Carvanha""","""Water""","""Dark""",Normal,45,90,20,65,20,65,305,0,1
319,"""Sharpedo""","""Water""","""Dark""",Normal,70,140,70,110,65,105,560,0,1
320,"""Wailmer""","""Water""",None,Normal,130,70,35,70,35,60,400,0,0
321,"""Wailord""","""Water""",None,Normal,170,90,45,90,45,60,500,0,0
322,"""Numel""","""Fire""","""Ground""",Normal,60,60,40,65,45,35,305,0,1
323,"""Camerupt""","""Fire""","""Ground""",Normal,70,120,100,145,105,20,560,0,1
324,"""Torkoal""","""Fire""",None,Normal,70,85,140,85,70,20,470,0,0
325,"""Spoink""","""Psychic""",None,Normal,60,25,35,70,80,60,330,0,0
326,"""Grumpig""","""Psychic""",None,Normal,80,45,65,90,110,80,470,0,0
327,"""Spinda""","""Normal""",None,Normal,60,60,60,60,60,60,360,0,0
328,"""Trapinch""","""Ground""",None,Normal,45,100,45,45,45,10,290,0,0
329,"""Vibrava""","""Ground""","""Dragon""",Normal,50,70,50,50,50,70,340,0,1
330,"""Flygon""","""Ground""","""Dragon""",Normal,80,100,80,80,80,100,520,0,1
331,"""Cacnea""","""Grass""",None,Normal,50,85,40,85,40,35,335,0,0
332,"""Cacturne""","""Grass""","""Dark""",Normal,70,115,60,115,60,55,475,0,1
333,"""Swablu""","""Normal""","""Flying""",Normal,45,40,60,40,75,50,310,0,1
334,"""Altaria""","""Dragon""","""Fairy""",Normal,75,110,110,110,105,80,590,0,1
335,"""Zangoose""","""Normal""",None,Normal,73,115,60,60,60,90,458,0,0
336,"""Seviper""","""Poison""",None,Normal,73,100,60,100,60,65,458,0,0
337,"""Lunatone""","""Rock""","""Psychic""",Normal,90,55,65,95,85,70,460,0,1
338,"""Solrock""","""Rock""","""Psychic""",Normal,90,95,85,55,65,70,460,0,1
339,"""Barboach""","""Water""","""Ground""",Normal,50,48,43,46,41,60,288,0,1
340,"""Whiscash""","""Water""","""Ground""",Normal,110,78,73,76,71,60,468,0,1
341,"""Corphish""","""Water""",None,Normal,43,80,65,50,35,35,308,0,0
342,"""Crawdaunt""","""Water""","""Dark""",Normal,63,120,85,90,55,55,468,0,1
343,"""Baltoy""","""Ground""","""Psychic""",Normal,40,40,55,40,70,55,300,0,1
344,"""Claydol""","""Ground""","""Psychic""",Normal,60,70,105,70,120,75,500,0,1
345,"""Lileep""","""Rock""","""Grass""",Normal,66,41,77,61,87,23,355,0,1
346,"""Cradily""","""Rock""","""Grass""",Normal,86,81,97,81,107,43,495,0,1
347,"""Anorith""","""Rock""","""Bug""",Normal,45,95,50,40,50,75,355,0,1
348,"""Armaldo""","""Rock""","""Bug""",Normal,75,125,100,70,80,45,495,0,1
349,"""Feebas""","""Water""",None,Normal,20,15,20,10,55,80,200,0,0
350,"""Milotic""","""Water""",None,Normal,95,60,79,100,125,81,540,0,0
351,"""Castform""","""Ice""",None,Normal,70,70,70,70,70,70,420,0,0
352,"""Kecleon""","""Normal""",None,Normal,60,90,70,60,120,40,440,0,0
353,"""Shuppet""","""Ghost""",None,Normal,44,75,35,63,33,45,295,0,0
354,"""Banette""","""Ghost""",None,Normal,64,165,75,93,83,75,555,0,0
355,"""Duskull""","""Ghost""",None,Normal,20,40,90,30,90,25,295,0,0
356,"""Dusclops""","""Ghost""",None,Normal,40,70,130,60,130,25,455,0,0
357,"""Tropius""","""Grass""","""Flying""",Normal,99,68,83,72,87,51,460,0,1
358,"""Chimecho""","""Psychic""",None,Normal,75,50,80,95,90,65,455,0,0
359,"""Absol""","""Dark""",None,Normal,65,150,60,115,60,115,565,0,0
360,"""Wynaut""","""Psychic""",None,Normal,95,23,48,23,48,23,260,0,0
361,"""Snorunt""","""Ice""",None,Normal,50,50,50,50,50,50,300,0,0
362,"""Glalie""","""Ice""",None,Normal,80,120,80,120,80,100,580,0,0
363,"""Spheal""","""Ice""","""Water""",Normal,70,40,50,55,50,25,290,0,1
364,"""Sealeo""","""Ice""","""Water""",Normal,90,60,70,75,70,45,410,0,1
365,"""Walrein""","""Ice""","""Water""",Normal,110,80,90,95,90,65,530,0,1
366,"""Clamperl""","""Water""",None,Normal,35,64,85,74,55,32,345,0,0
367,"""Huntail""","""Water""",None,Normal,55,104,105,94,75,52,485,0,0
368,"""Gorebyss""","""Water""",None,Normal,55,84,105,114,75,52,485,0,0
369,"""Relicanth""","""Water""","""Rock""",Normal,100,90,130,45,65,55,485,0,1
370,"""Luvdisc""","""Water""",None,Normal,43,30,55,40,65,97,330,0,0
371,"""Bagon""","""Dragon""",None,Normal,45,75,60,40,30,50,300,0,0
372,"""Shelgon""","""Dragon""",None,Normal,65,95,100,60,50,50,420,0,0
373,"""Salamence""","""Dragon""","""Flying""",Normal,95,145,130,120,90,120,700,0,1
374,"""Beldum""","""Steel""","""Psychic""",Normal,40,55,80,35,60,30,300,0,1
375,"""Metang""","""Steel""","""Psychic""",Normal,60,75,100,55,80,50,420,0,1
376,"""Metagross""","""Steel""","""Psychic""",Normal,80,145,150,105,110,110,700,0,1
377,"""Regirock""","""Rock""",None,"""Sub-Legendary""",80,100,200,50,100,50,580,1,0
378,"""Regice""","""Ice""",None,"""Sub-Legendary""",80,50,100,100,200,50,580,1,0
379,"""Registeel""","""Steel""",None,"""Sub-Legendary""",80,75,150,75,150,50,580,1,0
380,"""Latias""","""Dragon""","""Psychic""",Normal,80,100,120,140,150,110,700,0,1
381,"""Latios""","""Dragon""","""Psychic""",Normal,80,130,100,160,120,110,700,0,1
382,"""Kyogre""","""Water""",None,"""Legendary""",100,150,90,180,160,90,770,1,0
383,"""Groudon""","""Ground""","""Fire""","""Legendary""",100,180,160,150,90,90,770,1,1
384,"""Rayquaza""","""Dragon""","""Flying""","""Legendary""",105,180,100,180,100,115,780,1,1
385,"""Jirachi""","""Steel""","""Psychic""","""Mythical""",100,100,100,100,100,100,600,1,1
386,"""Deoxys""","""Psychic""",None,"""Mythical""",50,95,90,95,90,180,600,1,0
387,"""Turtwig""","""Grass""",None,Normal,55,68,64,45,55,31,318,0,0
388,"""Grotle""","""Grass""",None,Normal,75,89,85,55,65,36,405,0,0
389,"""Torterra""","""Grass""","""Ground""",Normal,95,109,105,75,85,56,525,0,1
390,"""Chimchar""","""Fire""",None,Normal,44,58,44,58,44,61,309,0,0
391,"""Monferno""","""Fire""","""Fighting""",Normal,64,78,52,78,52,81,405,0,1
392,"""Infernape""","""Fire""","""Fighting""",Normal,76,104,71,104,71,108,534,0,1
393,"""Piplup""","""Water""",None,Normal,53,51,53,61,56,40,314,0,0
394,"""Prinplup""","""Water""",None,Normal,64,66,68,81,76,50,405,0,0
395,"""Empoleon""","""Water""","""Steel""",Normal,84,86,88,111,101,60,530,0,1
396,"""Starly""","""Normal""","""Flying""",Normal,40,55,30,30,30,60,245,0,1
397,"""Staravia""","""Normal""","""Flying""",Normal,55,75,50,40,40,80,340,0,1
398,"""Staraptor""","""Normal""","""Flying""",Normal,85,120,70,50,60,100,485,0,1
399,"""Bidoof""","""Normal""",None,Normal,59,45,40,35,40,31,250,0,0
400,"""Bibarel""","""Normal""","""Water""",Normal,79,85,60,55,60,71,410,0,1
401,"""Kricketot""","""Bug""",None,Normal,37,25,41,25,41,25,194,0,0
402,"""Kricketune""","""Bug""",None,Normal,77,85,51,55,51,65,384,0,0
403,"""Shinx""","""Electric""",None,Normal,45,65,34,40,34,45,263,0,0
404,"""Luxio""","""Electric""",None,Normal,60,85,49,60,49,60,363,0,0
405,"""Luxray""","""Electric""",None,Normal,80,120,79,95,79,70,523,0,0
406,"""Budew""","""Grass""","""Poison""",Normal,40,30,35,50,70,55,280,0,1
407,"""Roserade""","""Grass""","""Poison""",Normal,60,70,65,125,105,90,515,0,1
408,"""Cranidos""","""Rock""",None,Normal,67,125,40,30,30,58,350,0,0
409,"""Rampardos""","""Rock""",None,Normal,97,165,60,65,50,58,495,0,0
410,"""Shieldon""","""Rock""","""Steel""",Normal,30,42,118,42,88,30,350,0,1
411,"""Bastiodon""","""Rock""","""Steel""",Normal,60,52,168,47,138,30,495,0,1
412,"""Burmy""","""Bug""",None,Normal,40,29,45,29,45,36,224,0,0
413,"""Wormadam""","""Bug""","""Steel""",Normal,60,69,95,69,95,36,424,0,1
414,"""Mothim""","""Bug""","""Flying""",Normal,70,94,50,94,50,66,424,0,1
415,"""Combee""","""Bug""","""Flying""",Normal,30,30,42,30,42,70,244,0,1
416,"""Vespiquen""","""Bug""","""Flying""",Normal,70,80,102,80,102,40,474,0,1
417,"""Pachirisu""","""Electric""",None,Normal,60,45,70,45,90,95,405,0,0
418,"""Buizel""","""Water""",None,Normal,55,65,35,60,30,85,330,0,0
419,"""Floatzel""","""Water""",None,Normal,85,105,55,85,50,115,495,0,0
420,"""Cherubi""","""Grass""",None,Normal,45,35,45,62,53,35,275,0,0
421,"""Cherrim""","""Grass""",None,Normal,70,60,70,87,78,85,450,0,0
422,"""Shellos""","""Water""",None,Normal,76,48,48,57,62,34,325,0,0
423,"""Gastrodon""","""Water""","""Ground""",Normal,111,83,68,92,82,39,475,0,1
424,"""Ambipom""","""Normal""",None,Normal,75,100,66,60,66,115,482,0,0
425,"""Drifloon""","""Ghost""","""Flying""",Normal,90,50,34,60,44,70,348,0,1
426,"""Drifblim""","""Ghost""","""Flying""",Normal,150,80,44,90,54,80,498,0,1
427,"""Buneary""","""Normal""",None,Normal,55,66,44,44,56,85,350,0,0
428,"""Lopunny""","""Normal""","""Fighting""",Normal,65,136,94,54,96,135,580,0,1
429,"""Mismagius""","""Ghost""",None,Normal,60,60,60,105,105,105,495,0,0
430,"""Honchkrow""","""Dark""","""Flying""",Normal,100,125,52,105,52,71,505,0,1
431,"""Glameow""","""Normal""",None,Normal,49,55,42,42,37,85,310,0,0
432,"""Purugly""","""Normal""",None,Normal,71,82,64,64,59,112,452,0,0
433,"""Chingling""","""Psychic""",None,Normal,45,30,50,65,50,45,285,0,0
434,"""Stunky""","""Poison""","""Dark""",Normal,63,63,47,41,41,74,329,0,1
435,"""Skuntank""","""Poison""","""Dark""",Normal,103,93,67,71,61,84,479,0,1
436,"""Bronzor""","""Steel""","""Psychic""",Normal,57,24,86,24,86,23,300,0,1
437,"""Bronzong""","""Steel""","""Psychic""",Normal,67,89,116,79,116,33,500,0,1
438,"""Bonsly""","""Rock""",None,Normal,50,80,95,10,45,10,290,0,0
439,"""Mime Jr.""","""Psychic""","""Fairy""",Normal,20,25,45,70,90,60,310,0,1
440,"""Happiny""","""Normal""",None,Normal,100,5,5,15,65,30,220,0,0
441,"""Chatot""","""Normal""","""Flying""",Normal,76,65,45,92,42,91,411,0,1
442,"""Spiritomb""","""Ghost""","""Dark""",Normal,50,92,108,92,108,35,485,0,1
443,"""Gible""","""Dragon""","""Ground""",Normal,58,70,45,40,45,42,300,0,1
444,"""Gabite""","""Dragon""","""Ground""",Normal,68,90,65,50,55,82,410,0,1
445,"""Garchomp""","""Dragon""","""Ground""",Normal,108,170,115,120,95,92,700,0,1
446,"""Munchlax""","""Normal""",None,Normal,135,85,40,40,85,5,390,0,0
447,"""Riolu""","""Fighting""",None,Normal,40,70,40,35,40,60,285,0,0
448,"""Lucario""","""Fighting""","""Steel""",Normal,70,145,88,140,70,112,625,0,1
449,"""Hippopotas""","""Ground""",None,Normal,68,72,78,38,42,32,330,0,0
450,"""Hippowdon""","""Ground""",None,Normal,108,112,118,68,72,47,525,0,0
451,"""Skorupi""","""Poison""","""Bug""",Normal,40,50,90,30,55,65,330,0,1
452,"""Drapion""","""Poison""","""Dark""",Normal,70,90,110,60,75,95,500,0,1
453,"""Croagunk""","""Poison""","""Fighting""",Normal,48,61,40,61,40,50,300,0,1
454,"""Toxicroak""","""Poison""","""Fighting""",Normal,83,106,65,86,65,85,490,0,1
455,"""Carnivine""","""Grass""",None,Normal,74,100,72,90,72,46,454,0,0
456,"""Finneon""","""Water""",None,Normal,49,49,56,49,61,66,330,0,0
457,"""Lumineon""","""Water""",None,Normal,69,69,76,69,86,91,460,0,0
458,"""Mantyke""","""Water""","""Flying""",Normal,45,20,50,60,120,50,345,0,1
459,"""Snover""","""Grass""","""Ice""",Normal,60,62,50,62,60,40,334,0,1
460,"""Abomasnow""","""Grass""","""Ice""",Normal,90,132,105,132,105,30,594,0,1
461,"""Weavile""","""Dark""","""Ice""",Normal,70,120,65,45,85,125,510,0,1
462,"""Magnezone""","""Electric""","""Steel""",Normal,70,70,115,130,90,60,535,0,1
463,"""Lickilicky""","""Normal""",None,Normal,110,85,95,80,95,50,515,0,0
464,"""Rhyperior""","""Ground""","""Rock""",Normal,115,140,130,55,55,40,535,0,1
465,"""Tangrowth""","""Grass""",None,Normal,100,100,125,110,50,50,535,0,0
466,"""Electivire""","""Electric""",None,Normal,75,123,67,95,85,95,540,0,0
467,"""Magmortar""","""Fire""",None,Normal,75,95,67,125,95,83,540,0,0
468,"""Togekiss""","""Fairy""","""Flying""",Normal,85,50,95,120,115,80,545,0,1
469,"""Yanmega""","""Bug""","""Flying""",Normal,86,76,86,116,56,95,515,0,1
470,"""Leafeon""","""Grass""",None,Normal,65,110,130,60,65,95,525,0,0
471,"""Glaceon""","""Ice""",None,Normal,65,60,110,130,95,65,525,0,0
472,"""Gliscor""","""Ground""","""Flying""",Normal,75,95,125,45,75,95,510,0,1
473,"""Mamoswine""","""Ice""","""Ground""",Normal,110,130,80,70,60,80,530,0,1
474,"""Porygon-Z""","""Normal""",None,Normal,85,80,70,135,75,90,535,0,0
475,"""Gallade""","""Psychic""","""Fighting""",Normal,68,165,95,65,115,110,618,0,1
476,"""Probopass""","""Rock""","""Steel""",Normal,60,55,145,75,150,40,525,0,1
477,"""Dusknoir""","""Ghost""",None,Normal,45,100,135,65,135,45,525,0,0
478,"""Froslass""","""Ice""","""Ghost""",Normal,70,80,70,80,70,110,480,0,1
479,"""Rotom""","""Electric""","""Flying""",Normal,50,65,107,105,107,86,520,0,1
480,"""Uxie""","""Psychic""",None,"""Sub-Legendary""",75,75,130,75,130,95,580,1,0
481,"""Mesprit""","""Psychic""",None,"""Sub-Legendary""",80,105,105,105,105,80,580,1,0
482,"""Azelf""","""Psychic""",None,"""Sub-Legendary""",75,125,70,125,70,115,580,1,0
483,"""Dialga""","""Steel""","""Dragon""","""Legendary""",100,100,120,150,120,90,680,1,1
484,"""Palkia""","""Water""","""Dragon""","""Legendary""",90,100,100,150,120,120,680,1,1
485,"""Heatran""","""Fire""","""Steel""","""Sub-Legendary""",91,90,106,130,106,77,600,1,1
486,"""Regigigas""","""Normal""",None,"""Sub-Legendary""",110,160,110,80,110,100,670,1,0
487,"""Giratina""","""Ghost""","""Dragon""","""Legendary""",150,120,100,120,100,90,680,1,1
488,"""Cresselia""","""Psychic""",None,"""Sub-Legendary""",120,70,110,75,120,85,580,1,0
489,"""Phione""","""Water""",None,"""Mythical""",80,80,80,80,80,80,480,1,0
490,"""Manaphy""","""Water""",None,"""Mythical""",100,100,100,100,100,100,600,1,0
491,"""Darkrai""","""Dark""",None,"""Mythical""",70,90,90,135,90,125,600,1,0
492,"""Shaymin""","""Grass""","""Flying""","""Mythical""",100,103,75,120,75,127,600,1,1
493,"""Arceus""","""Normal""",None,"""Mythical""",120,120,120,120,120,120,720,1,0
494,"""Victini""","""Psychic""","""Fire""","""Mythical""",100,100,100,100,100,100,600,1,1
495,"""Snivy""","""Grass""",None,Normal,45,45,55,45,55,63,308,0,0
496,"""Servine""","""Grass""",None,Normal,60,60,75,60,75,83,413,0,0
497,"""Serperior""","""Grass""",None,Normal,75,75,95,75,95,113,528,0,0
498,"""Tepig""","""Fire""",None,Normal,65,63,45,45,45,45,308,0,0
499,"""Pignite""","""Fire""","""Fighting""",Normal,90,93,55,70,55,55,418,0,1
500,"""Emboar""","""Fire""","""Fighting""",Normal,110,123,65,100,65,65,528,0,1
501,"""Oshawott""","""Water""",None,Normal,55,55,45,63,45,45,308,0,0
502,"""Dewott""","""Water""",None,Normal,75,75,60,83,60,60,413,0,0
503,"""Samurott""","""Water""","""Dark""",Normal,90,108,80,100,65,85,528,0,1
504,"""Patrat""","""Normal""",None,Normal,45,55,39,35,39,42,255,0,0
505,"""Watchog""","""Normal""",None,Normal,60,85,69,60,69,77,420,0,0
506,"""Lillipup""","""Normal""",None,Normal,45,60,45,25,45,55,275,0,0
507,"""Herdier""","""Normal""",None,Normal,65,80,65,35,65,60,370,0,0
508,"""Stoutland""","""Normal""",None,Normal,85,110,90,45,90,80,500,0,0
509,"""Purrloin""","""Dark""",None,Normal,41,50,37,50,37,66,281,0,0
510,"""Liepard""","""Dark""",None,Normal,64,88,50,88,50,106,446,0,0
511,"""Pansage""","""Grass""",None,Normal,50,53,48,53,48,64,316,0,0
512,"""Simisage""","""Grass""",None,Normal,75,98,63,98,63,101,498,0,0
513,"""Pansear""","""Fire""",None,Normal,50,53,48,53,48,64,316,0,0
514,"""Simisear""","""Fire""",None,Normal,75,98,63,98,63,101,498,0,0
515,"""Panpour""","""Water""",None,Normal,50,53,48,53,48,64,316,0,0
516,"""Simipour""","""Water""",None,Normal,75,98,63,98,63,101,498,0,0
517,"""Munna""","""Psychic""",None,Normal,76,25,45,67,55,24,292,0,0
518,"""Musharna""","""Psychic""",None,Normal,116,55,85,107,95,29,487,0,0
519,"""Pidove""","""Normal""","""Flying""",Normal,50,55,50,36,30,43,264,0,1
520,"""Tranquill""","""Normal""","""Flying""",Normal,62,77,62,50,42,65,358,0,1
521,"""Unfezant""","""Normal""","""Flying""",Normal,80,115,80,65,55,93,488,0,1
522,"""Blitzle""","""Electric""",None,Normal,45,60,32,50,32,76,295,0,0
523,"""Zebstrika""","""Electric""",None,Normal,75,100,63,80,63,116,497,0,0
524,"""Roggenrola""","""Rock""",None,Normal,55,75,85,25,25,15,280,0,0
525,"""Boldore""","""Rock""",None,Normal,70,105,105,50,40,20,390,0,0
526,"""Gigalith""","""Rock""",None,Normal,85,135,130,60,80,25,515,0,0
527,"""Woobat""","""Psychic""","""Flying""",Normal,65,45,43,55,43,72,323,0,1
528,"""Swoobat""","""Psychic""","""Flying""",Normal,67,57,55,77,55,114,425,0,1
529,"""Drilbur""","""Ground""",None,Normal,60,85,40,30,45,68,328,0,0
530,"""Excadrill""","""Ground""","""Steel""",Normal,110,135,60,50,65,88,508,0,1
531,"""Audino""","""Normal""","""Fairy""",Normal,103,60,126,80,126,50,545,0,1
532,"""Timburr""","""Fighting""",None,Normal,75,80,55,25,35,35,305,0,0
533,"""Gurdurr""","""Fighting""",None,Normal,85,105,85,40,50,40,405,0,0
534,"""Conkeldurr""","""Fighting""",None,Normal,105,140,95,55,65,45,505,0,0
535,"""Tympole""","""Water""",None,Normal,50,50,40,50,40,64,294,0,0
536,"""Palpitoad""","""Water""","""Ground""",Normal,75,65,55,65,55,69,384,0,1
537,"""Seismitoad""","""Water""","""Ground""",Normal,105,95,75,85,75,74,509,0,1
538,"""Throh""","""Fighting""",None,Normal,120,100,85,30,85,45,465,0,0
539,"""Sawk""","""Fighting""",None,Normal,75,125,75,30,75,85,465,0,0
540,"""Sewaddle""","""Bug""","""Grass""",Normal,45,53,70,40,60,42,310,0,1
541,"""Swadloon""","""Bug""","""Grass""",Normal,55,63,90,50,80,42,380,0,1
542,"""Leavanny""","""Bug""","""Grass""",Normal,75,103,80,70,80,92,500,0,1
543,"""Venipede""","""Bug""","""Poison""",Normal,30,45,59,30,39,57,260,0,1
544,"""Whirlipede""","""Bug""","""Poison""",Normal,40,55,99,40,79,47,360,0,1
545,"""Scolipede""","""Bug""","""Poison""",Normal,60,100,89,55,69,112,485,0,1
546,"""Cottonee""","""Grass""","""Fairy""",Normal,40,27,60,37,50,66,280,0,1
547,"""Whimsicott""","""Grass""","""Fairy""",Normal,60,67,85,77,75,116,480,0,1
548,"""Petilil""","""Grass""",None,Normal,45,35,50,70,50,30,280,0,0
549,"""Lilligant""","""Grass""","""Fighting""",Normal,70,105,75,50,75,105,480,0,1
550,"""Basculin""","""Water""",None,Normal,70,92,65,80,55,98,460,0,0
551,"""Sandile""","""Ground""","""Dark""",Normal,50,72,35,35,35,65,292,0,1
552,"""Krokorok""","""Ground""","""Dark""",Normal,60,82,45,45,45,74,351,0,1
553,"""Krookodile""","""Ground""","""Dark""",Normal,95,117,80,65,70,92,519,0,1
554,"""Darumaka""","""Ice""",None,Normal,70,90,45,15,45,50,315,0,0
555,"""Darmanitan""","""Ice""","""Fire""",Normal,105,160,55,30,55,135,540,0,1
556,"""Maractus""","""Grass""",None,Normal,75,86,67,106,67,60,461,0,0
557,"""Dwebble""","""Bug""","""Rock""",Normal,50,65,85,35,35,55,325,0,1
558,"""Crustle""","""Bug""","""Rock""",Normal,70,105,125,65,75,45,485,0,1
559,"""Scraggy""","""Dark""","""Fighting""",Normal,50,75,70,35,70,48,348,0,1
560,"""Scrafty""","""Dark""","""Fighting""",Normal,65,90,115,45,115,58,488,0,1
561,"""Sigilyph""","""Psychic""","""Flying""",Normal,72,58,80,103,80,97,490,0,1
562,"""Yamask""","""Ground""","""Ghost""",Normal,38,55,85,30,65,30,303,0,1
563,"""Cofagrigus""","""Ghost""",None,Normal,58,50,145,95,105,30,483,0,0
564,"""Tirtouga""","""Water""","""Rock""",Normal,54,78,103,53,45,22,355,0,1
565,"""Carracosta""","""Water""","""Rock""",Normal,74,108,133,83,65,32,495,0,1
566,"""Archen""","""Rock""","""Flying""",Normal,55,112,45,74,45,70,401,0,1
567,"""Archeops""","""Rock""","""Flying""",Normal,75,140,65,112,65,110,567,0,1
568,"""Trubbish""","""Poison""",None,Normal,50,50,62,40,62,65,329,0,0
569,"""Garbodor""","""Poison""",None,Normal,80,95,82,60,82,75,474,0,0
570,"""Zorua""","""Normal""","""Ghost""",Normal,35,60,40,85,40,70,330,0,1
571,"""Zoroark""","""Normal""","""Ghost""",Normal,60,105,60,120,60,105,510,0,1
572,"""Minccino""","""Normal""",None,Normal,55,50,40,40,40,75,300,0,0
573,"""Cinccino""","""Normal""",None,Normal,75,95,60,65,60,115,470,0,0
574,"""Gothita""","""Psychic""",None,Normal,45,30,50,55,65,45,290,0,0
575,"""Gothorita""","""Psychic""",None,Normal,60,45,70,75,85,55,390,0,0
576,"""Gothitelle""","""Psychic""",None,Normal,70,55,95,95,110,65,490,0,0
577,"""Solosis""","""Psychic""",None,Normal,45,30,40,105,50,20,290,0,0
578,"""Duosion""","""Psychic""",None,Normal,65,40,50,125,60,30,370,0,0
579,"""Reuniclus""","""Psychic""",None,Normal,110,65,75,125,85,30,490,0,0
580,"""Ducklett""","""Water""","""Flying""",Normal,62,44,50,44,50,55,305,0,1
581,"""Swanna""","""Water""","""Flying""",Normal,75,87,63,87,63,98,473,0,1
582,"""Vanillite""","""Ice""",None,Normal,36,50,50,65,60,44,305,0,0
583,"""Vanillish""","""Ice""",None,Normal,51,65,65,80,75,59,395,0,0
584,"""Vanilluxe""","""Ice""",None,Normal,71,95,85,110,95,79,535,0,0
585,"""Deerling""","""Normal""","""Grass""",Normal,60,60,50,40,50,75,335,0,1
586,"""Sawsbuck""","""Normal""","""Grass""",Normal,80,100,70,60,70,95,475,0,1
587,"""Emolga""","""Electric""","""Flying""",Normal,55,75,60,75,60,103,428,0,1
588,"""Karrablast""","""Bug""",None,Normal,50,75,45,40,45,60,315,0,0
589,"""Escavalier""","""Bug""","""Steel""",Normal,70,135,105,60,105,20,495,0,1
590,"""Foongus""","""Grass""","""Poison""",Normal,69,55,45,55,55,15,294,0,1
591,"""Amoonguss""","""Grass""","""Poison""",Normal,114,85,70,85,80,30,464,0,1
592,"""Frillish""","""Water""","""Ghost""",Normal,55,40,50,65,85,40,335,0,1
593,"""Jellicent""","""Water""","""Ghost""",Normal,100,60,70,85,105,60,480,0,1
594,"""Alomomola""","""Water""",None,Normal,165,75,80,40,45,65,470,0,0
595,"""Joltik""","""Bug""","""Electric""",Normal,50,47,50,57,50,65,319,0,1
596,"""Galvantula""","""Bug""","""Electric""",Normal,70,77,60,97,60,108,472,0,1
597,"""Ferroseed""","""Grass""","""Steel""",Normal,44,50,91,24,86,10,305,0,1
598,"""Ferrothorn""","""Grass""","""Steel""",Normal,74,94,131,54,116,20,489,0,1
599,"""Klink""","""Steel""",None,Normal,40,55,70,45,60,30,300,0,0
600,"""Klang""","""Steel""",None,Normal,60,80,95,70,85,50,440,0,0
601,"""Klinklang""","""Steel""",None,Normal,60,100,115,70,85,90,520,0,0
602,"""Tynamo""","""Electric""",None,Normal,35,55,40,45,40,60,275,0,0
603,"""Eelektrik""","""Electric""",None,Normal,65,85,70,75,70,40,405,0,0
604,"""Eelektross""","""Electric""",None,Normal,85,115,80,105,80,50,515,0,0
605,"""Elgyem""","""Psychic""",None,Normal,55,55,55,85,55,30,335,0,0
606,"""Beheeyem""","""Psychic""",None,Normal,75,75,75,125,95,40,485,0,0
607,"""Litwick""","""Ghost""","""Fire""",Normal,50,30,55,65,55,20,275,0,1
608,"""Lampent""","""Ghost""","""Fire""",Normal,60,40,60,95,60,55,370,0,1
609,"""Chandelure""","""Ghost""","""Fire""",Normal,60,55,90,145,90,80,520,0,1
610,"""Axew""","""Dragon""",None,Normal,46,87,60,30,40,57,320,0,0
611,"""Fraxure""","""Dragon""",None,Normal,66,117,70,40,50,67,410,0,0
612,"""Haxorus""","""Dragon""",None,Normal,76,147,90,60,70,97,540,0,0
613,"""Cubchoo""","""Ice""",None,Normal,55,70,40,60,40,40,305,0,0
614,"""Beartic""","""Ice""",None,Normal,95,130,80,70,80,50,505,0,0
615,"""Cryogonal""","""Ice""",None,Normal,80,50,50,95,135,105,515,0,0
616,"""Shelmet""","""Bug""",None,Normal,50,40,85,40,65,25,305,0,0
617,"""Accelgor""","""Bug""",None,Normal,80,70,40,100,60,145,495,0,0
618,"""Stunfisk""","""Ground""","""Steel""",Normal,109,81,99,66,84,32,471,0,1
619,"""Mienfoo""","""Fighting""",None,Normal,45,85,50,55,50,65,350,0,0
620,"""Mienshao""","""Fighting""",None,Normal,65,125,60,95,60,105,510,0,0
621,"""Druddigon""","""Dragon""",None,Normal,77,120,90,60,90,48,485,0,0
622,"""Golett""","""Ground""","""Ghost""",Normal,59,74,50,35,50,35,303,0,1
623,"""Golurk""","""Ground""","""Ghost""",Normal,89,124,80,55,80,55,483,0,1
624,"""Pawniard""","""Dark""","""Steel""",Normal,45,85,70,40,40,60,340,0,1
625,"""Bisharp""","""Dark""","""Steel""",Normal,65,125,100,60,70,70,490,0,1
626,"""Bouffalant""","""Normal""",None,Normal,95,110,95,40,95,55,490,0,0
627,"""Rufflet""","""Normal""","""Flying""",Normal,70,83,50,37,50,60,350,0,1
628,"""Braviary""","""Psychic""","""Flying""",Normal,110,83,70,112,70,65,510,0,1
629,"""Vullaby""","""Dark""","""Flying""",Normal,70,55,75,45,65,60,370,0,1
630,"""Mandibuzz""","""Dark""","""Flying""",Normal,110,65,105,55,95,80,510,0,1
631,"""Heatmor""","""Fire""",None,Normal,85,97,66,105,66,65,484,0,0
632,"""Durant""","""Bug""","""Steel""",Normal,58,109,112,48,48,109,484,0,1
633,"""Deino""","""Dark""","""Dragon""",Normal,52,65,50,45,50,38,300,0,1
634,"""Zweilous""","""Dark""","""Dragon""",Normal,72,85,70,65,70,58,420,0,1
635,"""Hydreigon""","""Dark""","""Dragon""",Normal,92,105,90,125,90,98,600,0,1
636,"""Larvesta""","""Bug""","""Fire""",Normal,55,85,55,50,55,60,360,0,1
637,"""Volcarona""","""Bug""","""Fire""",Normal,85,60,65,135,105,100,550,0,1
638,"""Cobalion""","""Steel""","""Fighting""","""Sub-Legendary""",91,90,129,90,72,108,580,1,1
639,"""Terrakion""","""Rock""","""Fighting""","""Sub-Legendary""",91,129,90,72,90,108,580,1,1
640,"""Virizion""","""Grass""","""Fighting""","""Sub-Legendary""",91,90,72,90,129,108,580,1,1
641,"""Tornadus""","""Flying""",None,"""Sub-Legendary""",79,100,80,110,90,121,580,1,0
642,"""Thundurus""","""Electric""","""Flying""","""Sub-Legendary""",79,105,70,145,80,101,580,1,1
643,"""Reshiram""","""Dragon""","""Fire""","""Legendary""",100,120,100,150,120,90,680,1,1
644,"""Zekrom""","""Dragon""","""Electric""","""Legendary""",100,150,120,120,100,90,680,1,1
645,"""Landorus""","""Ground""","""Flying""","""Sub-Legendary""",89,145,90,105,80,91,600,1,1
646,"""Kyurem""","""Dragon""","""Ice""","""Legendary""",125,170,100,120,90,95,700,1,1
647,"""Keldeo""","""Water""","""Fighting""","""Mythical""",91,72,90,129,90,108,580,1,1
648,"""Meloetta""","""Normal""","""Fighting""","""Mythical""",100,128,90,77,77,128,600,1,1
649,"""Genesect""","""Bug""","""Steel""","""Mythical""",71,120,95,120,95,99,600,1,1
650,"""Chespin""","""Grass""",None,Normal,56,61,65,48,45,38,313,0,0
651,"""Quilladin""","""Grass""",None,Normal,61,78,95,56,58,57,405,0,0
652,"""Chesnaught""","""Grass""","""Fighting""",Normal,88,107,122,74,75,64,530,0,1
653,"""Fennekin""","""Fire""",None,Normal,40,45,40,62,60,60,307,0,0
654,"""Braixen""","""Fire""",None,Normal,59,59,58,90,70,73,409,0,0
655,"""Delphox""","""Fire""","""Psychic""",Normal,75,69,72,114,100,104,534,0,1
656,"""Froakie""","""Water""",None,Normal,41,56,40,62,44,71,314,0,0
657,"""Frogadier""","""Water""",None,Normal,54,63,52,83,56,97,405,0,0
658,"""Greninja""","""Water""","""Dark""",Normal,72,145,67,153,71,132,640,0,1
659,"""Bunnelby""","""Normal""",None,Normal,38,36,38,32,36,57,237,0,0
660,"""Diggersby""","""Normal""","""Ground""",Normal,85,56,77,50,77,78,423,0,1
661,"""Fletchling""","""Normal""","""Flying""",Normal,45,50,43,40,38,62,278,0,1
662,"""Fletchinder""","""Fire""","""Flying""",Normal,62,73,55,56,52,84,382,0,1
663,"""Talonflame""","""Fire""","""Flying""",Normal,78,81,71,74,69,126,499,0,1
664,"""Scatterbug""","""Bug""",None,Normal,38,35,40,27,25,35,200,0,0
665,"""Spewpa""","""Bug""",None,Normal,45,22,60,27,30,29,213,0,0
666,"""Vivillon""","""Bug""","""Flying""",Normal,80,52,50,90,50,89,411,0,1
667,"""Litleo""","""Fire""","""Normal""",Normal,62,50,58,73,54,72,369,0,1
668,"""Pyroar""","""Fire""","""Normal""",Normal,86,68,72,109,66,106,507,0,1
669,"""Flabébé""","""Fairy""",None,Normal,44,38,39,61,79,42,303,0,0
670,"""Floette""","""Fairy""",None,Normal,54,45,47,75,98,52,371,0,0
671,"""Florges""","""Fairy""",None,Normal,78,65,68,112,154,75,552,0,0
672,"""Skiddo""","""Grass""",None,Normal,66,65,48,62,57,52,350,0,0
673,"""Gogoat""","""Grass""",None,Normal,123,100,62,97,81,68,531,0,0
674,"""Pancham""","""Fighting""",None,Normal,67,82,62,46,48,43,348,0,0
675,"""Pangoro""","""Fighting""","""Dark""",Normal,95,124,78,69,71,58,495,0,1
676,"""Furfrou""","""Normal""",None,Normal,75,80,60,65,90,102,472,0,0
677,"""Espurr""","""Psychic""",None,Normal,62,48,54,63,60,68,355,0,0
678,"""Meowstic""","""Psychic""",None,Normal,74,48,76,83,81,104,466,0,0
679,"""Honedge""","""Steel""","""Ghost""",Normal,45,80,100,35,37,28,325,0,1
680,"""Doublade""","""Steel""","""Ghost""",Normal,59,110,150,45,49,35,448,0,1
681,"""Aegislash""","""Steel""","""Ghost""",Normal,60,140,50,140,50,60,500,0,1
682,"""Spritzee""","""Fairy""",None,Normal,78,52,60,63,65,23,341,0,0
683,"""Aromatisse""","""Fairy""",None,Normal,101,72,72,99,89,29,462,0,0
684,"""Swirlix""","""Fairy""",None,Normal,62,48,66,59,57,49,341,0,0
685,"""Slurpuff""","""Fairy""",None,Normal,82,80,86,85,75,72,480,0,0
686,"""Inkay""","""Dark""","""Psychic""",Normal,53,54,53,37,46,45,288,0,1
687,"""Malamar""","""Dark""","""Psychic""",Normal,86,92,88,68,75,73,482,0,1
688,"""Binacle""","""Rock""","""Water""",Normal,42,52,67,39,56,50,306,0,1
689,"""Barbaracle""","""Rock""","""Water""",Normal,72,105,115,54,86,68,500,0,1
690,"""Skrelp""","""Poison""","""Water""",Normal,50,60,60,60,60,30,320,0,1
691,"""Dragalge""","""Poison""","""Dragon""",Normal,65,75,90,97,123,44,494,0,1
692,"""Clauncher""","""Water""",None,Normal,50,53,62,58,63,44,330,0,0
693,"""Clawitzer""","""Water""",None,Normal,71,73,88,120,89,59,500,0,0
694,"""Helioptile""","""Electric""","""Normal""",Normal,44,38,33,61,43,70,289,0,1
695,"""Heliolisk""","""Electric""","""Normal""",Normal,62,55,52,109,94,109,481,0,1
696,"""Tyrunt""","""Rock""","""Dragon""",Normal,58,89,77,45,45,48,362,0,1
697,"""Tyrantrum""","""Rock""","""Dragon""",Normal,82,121,119,69,59,71,521,0,1
698,"""Amaura""","""Rock""","""Ice""",Normal,77,59,50,67,63,46,362,0,1
699,"""Aurorus""","""Rock""","""Ice""",Normal,123,77,72,99,92,58,521,0,1
700,"""Sylveon""","""Fairy""",None,Normal,95,65,65,110,130,60,525,0,0
701,"""Hawlucha""","""Fighting""","""Flying""",Normal,78,92,75,74,63,118,500,0,1
702,"""Dedenne""","""Electric""","""Fairy""",Normal,67,58,57,81,67,101,431,0,1
703,"""Carbink""","""Rock""","""Fairy""",Normal,50,50,150,50,150,50,500,0,1
704,"""Goomy""","""Dragon""",None,Normal,45,50,35,55,75,40,300,0,0
705,"""Sliggoo""","""Steel""","""Dragon""",Normal,58,75,83,83,113,40,452,0,1
706,"""Goodra""","""Steel""","""Dragon""",Normal,80,100,100,110,150,60,600,0,1
707,"""Klefki""","""Steel""","""Fairy""",Normal,57,80,91,80,87,75,470,0,1
708,"""Phantump""","""Ghost""","""Grass""",Normal,43,70,48,50,60,38,309,0,1
709,"""Trevenant""","""Ghost""","""Grass""",Normal,85,110,76,65,82,56,474,0,1
710,"""Pumpkaboo""","""Ghost""","""Grass""",Normal,59,66,70,44,55,41,335,0,1
711,"""Gourgeist""","""Ghost""","""Grass""",Normal,85,100,122,58,75,54,494,0,1
712,"""Bergmite""","""Ice""",None,Normal,55,69,85,32,35,28,304,0,0
713,"""Avalugg""","""Ice""",None,Normal,95,117,184,44,46,28,514,0,0
714,"""Noibat""","""Flying""","""Dragon""",Normal,40,30,35,45,40,55,245,0,1
715,"""Noivern""","""Flying""","""Dragon""",Normal,85,70,80,97,80,123,535,0,1
716,"""Xerneas""","""Fairy""",None,"""Legendary""",126,131,95,131,98,99,680,1,0
717,"""Yveltal""","""Dark""","""Flying""","""Legendary""",126,131,95,131,98,99,680,1,1
718,"""Zygarde""","""Dragon""","""Ground""","""Legendary""",216,100,121,91,95,85,708,1,1
719,"""Diancie""","""Rock""","""Fairy""","""Mythical""",50,100,150,100,150,50,600,1,1
720,"""Hoopa""","""Psychic""","""Dark""","""Mythical""",80,160,60,170,130,80,680,1,1
721,"""Volcanion""","""Fire""","""Water""","""Mythical""",80,110,120,130,90,70,600,1,1
722,"""Rowlet""","""Grass""","""Flying""",Normal,68,55,55,50,50,40,318,0,1
723,"""Dartrix""","""Grass""","""Flying""",Normal,78,75,75,70,70,52,420,0,1
724,"""Decidueye""","""Grass""","""Fighting""",Normal,88,112,80,95,95,60,530,0,1
725,"""Litten""","""Fire""",None,Normal,45,65,40,60,40,70,320,0,0
726,"""Torracat""","""Fire""",None,Normal,65,85,50,80,50,90,420,0,0
727,"""Incineroar""","""Fire""","""Dark""",Normal,95,115,90,80,90,60,530,0,1
728,"""Popplio""","""Water""",None,Normal,50,54,54,66,56,40,320,0,0
729,"""Brionne""","""Water""",None,Normal,60,69,69,91,81,50,420,0,0
730,"""Primarina""","""Water""","""Fairy""",Normal,80,74,74,126,116,60,530,0,1
731,"""Pikipek""","""Normal""","""Flying""",Normal,35,75,30,30,30,65,265,0,1
732,"""Trumbeak""","""Normal""","""Flying""",Normal,55,85,50,40,50,75,355,0,1
733,"""Toucannon""","""Normal""","""Flying""",Normal,80,120,75,75,75,60,485,0,1
734,"""Yungoos""","""Normal""",None,Normal,48,70,30,30,30,45,253,0,0
735,"""Gumshoos""","""Normal""",None,Normal,88,110,60,55,60,45,418,0,0
736,"""Grubbin""","""Bug""",None,Normal,47,62,45,55,45,46,300,0,0
737,"""Charjabug""","""Bug""","""Electric""",Normal,57,82,95,55,75,36,400,0,1
738,"""Vikavolt""","""Bug""","""Electric""",Normal,77,70,90,145,75,43,500,0,1
739,"""Crabrawler""","""Fighting""",None,Normal,47,82,57,42,47,63,338,0,0
740,"""Crabominable""","""Fighting""","""Ice""",Normal,97,132,77,62,67,43,478,0,1
741,"""Oricorio""","""Ghost""","""Flying""",Normal,75,70,70,98,70,93,476,0,1
742,"""Cutiefly""","""Bug""","""Fairy""",Normal,40,45,40,55,40,84,304,0,1
743,"""Ribombee""","""Bug""","""Fairy""",Normal,60,55,60,96,70,124,465,0,1
744,"""Rockruff""","""Rock""",None,Normal,45,65,40,30,40,60,280,0,0
745,"""Lycanroc""","""Rock""",None,Normal,75,117,65,55,65,110,487,0,0
746,"""Wishiwashi""","""Water""",None,Normal,45,140,130,140,135,30,620,0,0
747,"""Mareanie""","""Poison""","""Water""",Normal,50,53,62,43,52,45,305,0,1
748,"""Toxapex""","""Poison""","""Water""",Normal,50,63,152,53,142,35,495,0,1
749,"""Mudbray""","""Ground""",None,Normal,70,100,70,45,55,45,385,0,0
750,"""Mudsdale""","""Ground""",None,Normal,100,125,100,55,85,35,500,0,0
751,"""Dewpider""","""Water""","""Bug""",Normal,38,40,52,40,72,27,269,0,1
752,"""Araquanid""","""Water""","""Bug""",Normal,68,70,92,50,132,42,454,0,1
753,"""Fomantis""","""Grass""",None,Normal,40,55,35,50,35,35,250,0,0
754,"""Lurantis""","""Grass""",None,Normal,70,105,90,80,90,45,480,0,0
755,"""Morelull""","""Grass""","""Fairy""",Normal,40,35,55,65,75,15,285,0,1
756,"""Shiinotic""","""Grass""","""Fairy""",Normal,60,45,80,90,100,30,405,0,1
757,"""Salandit""","""Poison""","""Fire""",Normal,48,44,40,71,40,77,320,0,1
758,"""Salazzle""","""Poison""","""Fire""",Normal,68,64,60,111,60,117,480,0,1
759,"""Stufful""","""Normal""","""Fighting""",Normal,70,75,50,45,50,50,340,0,1
760,"""Bewear""","""Normal""","""Fighting""",Normal,120,125,80,55,60,60,500,0,1
761,"""Bounsweet""","""Grass""",None,Normal,42,30,38,30,38,32,210,0,0
762,"""Steenee""","""Grass""",None,Normal,52,40,48,40,48,62,290,0,0
763,"""Tsareena""","""Grass""",None,Normal,72,120,98,50,98,72,510,0,0
764,"""Comfey""","""Fairy""",None,Normal,51,52,90,82,110,100,485,0,0
765,"""Oranguru""","""Normal""","""Psychic""",Normal,90,60,80,90,110,60,490,0,1
766,"""Passimian""","""Fighting""",None,Normal,100,120,90,40,60,80,490,0,0
767,"""Wimpod""","""Bug""","""Water""",Normal,25,35,40,20,30,80,230,0,1
768,"""Golisopod""","""Bug""","""Water""",Normal,75,125,140,60,90,40,530,0,1
769,"""Sandygast""","""Ghost""","""Ground""",Normal,55,55,80,70,45,15,320,0,1
770,"""Palossand""","""Ghost""","""Ground""",Normal,85,75,110,100,75,35,480,0,1
771,"""Pyukumuku""","""Water""",None,Normal,55,60,130,30,130,5,410,0,0
772,"""Type: Null""","""Normal""",None,"""Sub-Legendary""",95,95,95,95,95,59,534,1,0
773,"""Silvally""","""Normal""",None,"""Sub-Legendary""",95,95,95,95,95,95,570,1,0
774,"""Minior""","""Rock""","""Flying""",Normal,60,100,60,100,60,120,500,0,1
775,"""Komala""","""Normal""",None,Normal,65,115,65,75,95,65,480,0,0
776,"""Turtonator""","""Fire""","""Dragon""",Normal,60,78,135,91,85,36,485,0,1
777,"""Togedemaru""","""Electric""","""Steel""",Normal,65,98,63,40,73,96,435,0,1
778,"""Mimikyu""","""Ghost""","""Fairy""",Normal,55,90,80,50,105,96,476,0,1
779,"""Bruxish""","""Water""","""Psychic""",Normal,68,105,70,70,70,92,475,0,1
780,"""Drampa""","""Normal""","""Dragon""",Normal,78,60,85,135,91,36,485,0,1
781,"""Dhelmise""","""Ghost""","""Grass""",Normal,70,131,100,86,90,40,517,0,1
782,"""Jangmo-o""","""Dragon""",None,Normal,45,55,65,45,45,45,300,0,0
783,"""Hakamo-o""","""Dragon""","""Fighting""",Normal,55,75,90,65,70,65,420,0,1
784,"""Kommo-o""","""Dragon""","""Fighting""",Normal,75,110,125,100,105,85,600,0,1
785,"""Tapu Koko""","""Electric""","""Fairy""","""Sub-Legendary""",70,115,85,95,75,130,570,1,1
786,"""Tapu Lele""","""Psychic""","""Fairy""","""Sub-Legendary""",70,85,75,130,115,95,570,1,1
787,"""Tapu Bulu""","""Grass""","""Fairy""","""Sub-Legendary""",70,130,115,85,95,75,570,1,1
788,"""Tapu Fini""","""Water""","""Fairy""","""Sub-Legendary""",70,75,115,95,130,85,570,1,1
789,"""Cosmog""","""Psychic""",None,"""Legendary""",43,29,31,29,31,37,200,1,0
790,"""Cosmoem""","""Psychic""",None,"""Legendary""",43,29,131,29,131,37,400,1,0
791,"""Solgaleo""","""Psychic""","""Steel""","""Legendary""",137,137,107,113,89,97,680,1,1
792,"""Lunala""","""Psychic""","""Ghost""","""Legendary""",137,113,89,137,107,97,680,1,1
793,"""Nihilego""","""Rock""","""Poison""","""Sub-Legendary""",109,53,47,127,131,103,570,1,1
794,"""Buzzwole""","""Bug""","""Fighting""","""Sub-Legendary""",107,139,139,53,53,79,570,1,1
795,"""Pheromosa""","""Bug""","""Fighting""","""Sub-Legendary""",71,137,37,137,37,151,570,1,1
796,"""Xurkitree""","""Electric""",None,"""Sub-Legendary""",83,89,71,173,71,83,570,1,0
797,"""Celesteela""","""Steel""","""Flying""","""Sub-Legendary""",97,101,103,107,101,61,570,1,1
798,"""Kartana""","""Grass""","""Steel""","""Sub-Legendary""",59,181,131,59,31,109,570,1,1
799,"""Guzzlord""","""Dark""","""Dragon""","""Sub-Legendary""",223,101,53,97,53,43,570,1,1
800,"""Necrozma""","""Psychic""",None,"""Legendary""",97,107,101,127,89,79,600,1,0
801,"""Magearna""","""Steel""","""Fairy""","""Mythical""",80,95,115,130,115,65,600,1,1
802,"""Marshadow""","""Fighting""","""Ghost""","""Mythical""",90,125,80,90,90,125,600,1,1
803,"""Poipole""","""Poison""",None,"""Sub-Legendary""",67,73,67,73,67,73,420,1,0
804,"""Naganadel""","""Poison""","""Dragon""","""Sub-Legendary""",73,73,73,127,73,121,540,1,1
805,"""Stakataka""","""Rock""","""Steel""","""Sub-Legendary""",61,131,211,53,101,13,570,1,1
806,"""Blacephalon""","""Fire""","""Ghost""","""Sub-Legendary""",53,127,53,151,79,107,570,1,1
807,"""Zeraora""","""Electric""",None,"""Mythical""",88,112,75,102,80,143,600,1,0
808,"""Meltan""","""Steel""",None,"""Mythical""",46,65,65,55,35,34,300,1,0
809,"""Melmetal""","""Steel""",None,"""Mythical""",135,143,143,80,65,34,600,1,0
810,"""Grookey""","""Grass""",None,Normal,50,65,50,40,40,65,310,0,0
811,"""Thwackey""","""Grass""",None,Normal,70,85,70,55,60,80,420,0,0
812,"""Rillaboom""","""Grass""",None,Normal,100,125,90,60,70,85,530,0,0
813,"""Scorbunny""","""Fire""",None,Normal,50,71,40,40,40,69,310,0,0
814,"""Raboot""","""Fire""",None,Normal,65,86,50,55,60,94,410,0,0
815,"""Cinderace""","""Fire""",None,Normal,80,116,75,65,75,119,530,0,0
816,"""Sobble""","""Water""",None,Normal,50,40,40,70,40,70,310,0,0
817,"""Drizzile""","""Water""",None,Normal,65,60,55,95,55,90,420,0,0
818,"""Inteleon""","""Water""",None,Normal,70,85,65,125,65,120,530,0,0
819,"""Skwovet""","""Normal""",None,Normal,70,55,55,35,35,25,275,0,0
820,"""Greedent""","""Normal""",None,Normal,120,95,95,55,75,20,460,0,0
821,"""Rookidee""","""Flying""",None,Normal,38,47,35,33,35,57,245,0,0
822,"""Corvisquire""","""Flying""",None,Normal,68,67,55,43,55,77,365,0,0
823,"""Corviknight""","""Flying""","""Steel""",Normal,98,87,105,53,85,67,495,0,1
824,"""Blipbug""","""Bug""",None,Normal,25,20,20,25,45,45,180,0,0
825,"""Dottler""","""Bug""","""Psychic""",Normal,50,35,80,50,90,30,335,0,1
826,"""Orbeetle""","""Bug""","""Psychic""",Normal,60,45,110,80,120,90,505,0,1
827,"""Nickit""","""Dark""",None,Normal,40,28,28,47,52,50,245,0,0
828,"""Thievul""","""Dark""",None,Normal,70,58,58,87,92,90,455,0,0
829,"""Gossifleur""","""Grass""",None,Normal,40,40,60,40,60,10,250,0,0
830,"""Eldegoss""","""Grass""",None,Normal,60,50,90,80,120,60,460,0,0
831,"""Wooloo""","""Normal""",None,Normal,42,40,55,40,45,48,270,0,0
832,"""Dubwool""","""Normal""",None,Normal,72,80,100,60,90,88,490,0,0
833,"""Chewtle""","""Water""",None,Normal,50,64,50,38,38,44,284,0,0
834,"""Drednaw""","""Water""","""Rock""",Normal,90,115,90,48,68,74,485,0,1
835,"""Yamper""","""Electric""",None,Normal,59,45,50,40,50,26,270,0,0
836,"""Boltund""","""Electric""",None,Normal,69,90,60,90,60,121,490,0,0
837,"""Rolycoly""","""Rock""",None,Normal,30,40,50,40,50,30,240,0,0
838,"""Carkol""","""Rock""","""Fire""",Normal,80,60,90,60,70,50,410,0,1
839,"""Coalossal""","""Rock""","""Fire""",Normal,110,80,120,80,90,30,510,0,1
840,"""Applin""","""Grass""","""Dragon""",Normal,40,40,80,40,40,20,260,0,1
841,"""Flapple""","""Grass""","""Dragon""",Normal,70,110,80,95,60,70,485,0,1
842,"""Appletun""","""Grass""","""Dragon""",Normal,110,85,80,100,80,30,485,0,1
843,"""Silicobra""","""Ground""",None,Normal,52,57,75,35,50,46,315,0,0
844,"""Sandaconda""","""Ground""",None,Normal,72,107,125,65,70,71,510,0,0
845,"""Cramorant""","""Flying""","""Water""",Normal,70,85,55,85,95,85,475,0,1
846,"""Arrokuda""","""Water""",None,Normal,41,63,40,40,30,66,280,0,0
847,"""Barraskewda""","""Water""",None,Normal,61,123,60,60,50,136,490,0,0
848,"""Toxel""","""Electric""","""Poison""",Normal,40,38,35,54,35,40,242,0,1
849,"""Toxtricity""","""Electric""","""Poison""",Normal,75,98,70,114,70,75,502,0,1
850,"""Sizzlipede""","""Fire""","""Bug""",Normal,50,65,45,50,50,45,305,0,1
851,"""Centiskorch""","""Fire""","""Bug""",Normal,100,115,65,90,90,65,525,0,1
852,"""Clobbopus""","""Fighting""",None,Normal,50,68,60,50,50,32,310,0,0
853,"""Grapploct""","""Fighting""",None,Normal,80,118,90,70,80,42,480,0,0
854,"""Sinistea""","""Ghost""",None,Normal,40,45,45,74,54,50,308,0,0
855,"""Polteageist""","""Ghost""",None,Normal,60,65,65,134,114,70,508,0,0
856,"""Hatenna""","""Psychic""",None,Normal,42,30,45,56,53,39,265,0,0
857,"""Hattrem""","""Psychic""",None,Normal,57,40,65,86,73,49,370,0,0
858,"""Hatterene""","""Psychic""","""Fairy""",Normal,57,90,95,136,103,29,510,0,1
859,"""Impidimp""","""Dark""","""Fairy""",Normal,45,45,30,55,40,50,265,0,1
860,"""Morgrem""","""Dark""","""Fairy""",Normal,65,60,45,75,55,70,370,0,1
861,"""Grimmsnarl""","""Dark""","""Fairy""",Normal,95,120,65,95,75,60,510,0,1
862,"""Obstagoon""","""Dark""","""Normal""",Normal,93,90,101,60,81,95,520,0,1
863,"""Perrserker""","""Steel""",None,Normal,70,110,100,50,60,50,440,0,0
864,"""Cursola""","""Ghost""",None,Normal,60,95,50,145,130,30,510,0,0
865,"""Sirfetch'd""","""Fighting""",None,Normal,62,135,95,68,82,65,507,0,0
866,"""Mr. Rime""","""Ice""","""Psychic""",Normal,80,85,75,110,100,70,520,0,1
867,"""Runerigus""","""Ground""","""Ghost""",Normal,58,95,145,50,105,30,483,0,1
868,"""Milcery""","""Fairy""",None,Normal,45,40,40,50,61,34,270,0,0
869,"""Alcremie""","""Fairy""",None,Normal,65,60,75,110,121,64,495,0,0
870,"""Falinks""","""Fighting""",None,Normal,60,100,100,70,60,75,465,0,0
871,"""Pincurchin""","""Electric""",None,Normal,48,101,95,91,85,15,435,0,0
872,"""Snom""","""Ice""","""Bug""",Normal,30,25,35,45,30,20,185,0,1
873,"""Frosmoth""","""Ice""","""Bug""",Normal,70,65,60,125,90,65,475,0,1
874,"""Stonjourner""","""Rock""",None,Normal,100,125,135,20,20,70,470,0,0
875,"""Eiscue""","""Ice""",None,Normal,75,80,70,65,50,130,470,0,0
876,"""Indeedee""","""Psychic""","""Normal""",Normal,70,55,65,95,105,85,475,0,1
877,"""Morpeko""","""Electric""","""Dark""",Normal,58,95,58,70,58,97,436,0,1
878,"""Cufant""","""Steel""",None,Normal,72,80,49,40,49,40,330,0,0
879,"""Copperajah""","""Steel""",None,Normal,122,130,69,80,69,30,500,0,0
880,"""Dracozolt""","""Electric""","""Dragon""",Normal,90,100,90,80,70,75,505,0,1
881,"""Arctozolt""","""Electric""","""Ice""",Normal,90,100,90,90,80,55,505,0,1
882,"""Dracovish""","""Water""","""Dragon""",Normal,90,90,100,70,80,75,505,0,1
883,"""Arctovish""","""Water""","""Ice""",Normal,90,90,100,80,90,55,505,0,1
884,"""Duraludon""","""Steel""","""Dragon""",Normal,70,95,115,120,50,85,535,0,1
885,"""Dreepy""","""Dragon""","""Ghost""",Normal,28,60,30,40,30,82,270,0,1
886,"""Drakloak""","""Dragon""","""Ghost""",Normal,68,80,50,60,50,102,410,0,1
887,"""Dragapult""","""Dragon""","""Ghost""",Normal,88,120,75,100,75,142,600,0,1
888,"""Zacian""","""Fairy""","""Steel""","""Legendary""",92,150,115,80,115,148,700,1,1
889,"""Zamazenta""","""Fighting""","""Steel""","""Legendary""",92,120,140,80,140,128,700,1,1
890,"""Eternatus""","""Poison""","""Dragon""","""Legendary""",255,115,250,125,250,130,1125,1,1
891,"""Kubfu""","""Fighting""",None,"""Sub-Legendary""",60,90,60,53,50,72,385,1,0
892,"""Urshifu""","""Fighting""","""Water""","""Sub-Legendary""",100,130,100,63,60,97,550,1,1
893,"""Zarude""","""Dark""","""Grass""","""Mythical""",105,120,105,70,95,105,600,1,1
894,"""Regieleki""","""Electric""",None,"""Sub-Legendary""",80,100,50,100,50,200,580,1,0
895,"""Regidrago""","""Dragon""",None,"""Sub-Legendary""",200,100,50,100,50,80,580,1,0
896,"""Glastrier""","""Ice""",None,"""Sub-Legendary""",100,145,130,65,110,30,580,1,0
897,"""Spectrier""","""Ghost""",None,"""Sub-Legendary""",100,65,60,145,80,130,580,1,0
898,"""Calyrex""","""Psychic""","""Ghost""","""Legendary""",100,85,80,165,100,150,680,1,1
899,"""Wyrdeer""","""Normal""","""Psychic""",Normal,103,105,72,105,75,65,525,0,1
900,"""Kleavor""","""Bug""","""Rock""",Normal,70,130,95,45,75,85,500,0,1
901,"""Ursaluna""","""Ground""","""Normal""",Normal,113,70,120,135,65,52,555,0,1
902,"""Basculegion""","""Water""","""Ghost""",Normal,120,112,65,80,75,78,530,0,1
903,"""Sneasler""","""Fighting""","""Poison""",Normal,80,130,60,40,80,120,510,0,1
904,"""Overqwil""","""Dark""","""Poison""",Normal,85,115,95,65,65,85,510,0,1
905,"""Enamorus""","""Fairy""","""Flying""","""Sub-Legendary""",74,115,110,135,100,46,580,1,1
906,"""Sprigatito""","""Grass""",None,Normal,40,61,54,45,45,65,310,0,0
907,"""Floragato""","""Grass""",None,Normal,61,80,63,60,63,83,410,0,0
908,"""Meowscarada""","""Grass""","""Dark""",Normal,76,110,70,81,70,123,530,0,1
909,"""Fuecoco""","""Fire""",None,Normal,67,45,59,63,40,36,310,0,0
910,"""Crocalor""","""Fire""",None,Normal,81,55,78,49,58,90,411,0,0
911,"""Skeledirge""","""Fire""","""Ghost""",Normal,104,75,100,110,75,66,530,0,1
912,"""Quaxly""","""Water""",None,Normal,55,65,45,50,45,50,310,0,0
913,"""Quaxwell""","""Water""",None,Normal,70,85,65,65,60,65,410,0,0
914,"""Quaquaval""","""Water""","""Fighting""",Normal,85,120,80,85,75,85,530,0,1
915,"""Lechonk""","""Normal""",None,Normal,54,45,40,35,45,35,254,0,0
916,"""Oinkologne""","""Normal""",None,Normal,115,90,70,59,90,65,489,0,0
917,"""Tarountula""","""Bug""",None,Normal,35,41,45,29,40,20,210,0,0
918,"""Spidops""","""Bug""",None,Normal,60,79,92,52,86,35,404,0,0
919,"""Nymble""","""Bug""",None,Normal,33,46,40,21,25,45,210,0,0
920,"""Lokix""","""Bug""","""Dark""",Normal,71,102,78,52,55,92,450,0,1
921,"""Pawmi""","""Electric""",None,Normal,45,50,20,40,25,60,240,0,0
922,"""Pawmo""","""Electric""","""Fighting""",Normal,60,75,40,50,40,85,350,0,1
923,"""Pawmot""","""Electric""","""Fighting""",Normal,70,115,70,70,60,105,490,0,1
924,"""Tandemaus""","""Normal""",None,Normal,50,50,45,40,45,75,305,0,0
925,"""Maushold""","""Normal""",None,Normal,74,75,70,65,75,111,470,0,0
926,"""Fidough""","""Fairy""",None,Normal,37,55,70,30,55,65,312,0,0
927,"""Dachsbun""","""Fairy""",None,Normal,57,80,115,50,80,95,477,0,0
928,"""Smoliv""","""Grass""","""Normal""",Normal,41,35,45,58,51,30,260,0,1
929,"""Dolliv""","""Grass""","""Normal""",Normal,52,53,60,78,78,33,354,0,1
930,"""Arboliva""","""Grass""","""Normal""",Normal,78,69,90,125,109,39,510,0,1
931,"""Squawkabilly""","""Normal""","""Flying""",Normal,82,96,51,45,51,92,417,0,1
932,"""Nacli""","""Rock""",None,Normal,55,55,75,35,35,25,280,0,0
933,"""Naclstack""","""Rock""",None,Normal,60,60,100,35,65,35,355,0,0
934,"""Garganacl""","""Rock""",None,Normal,100,100,130,45,90,35,500,0,0
935,"""Charcadet""","""Fire""",None,Normal,40,50,40,50,40,35,255,0,0
936,"""Armarouge""","""Fire""","""Psychic""",Normal,85,60,100,125,80,75,525,0,1
937,"""Ceruledge""","""Fire""","""Ghost""",Normal,75,125,80,60,100,85,525,0,1
938,"""Tadbulb""","""Electric""",None,Normal,61,31,41,59,35,45,272,0,0
939,"""Bellibolt""","""Electric""",None,Normal,109,64,91,103,83,45,495,0,0
940,"""Wattrel""","""Electric""","""Flying""",Normal,40,40,35,55,40,70,280,0,1
941,"""Kilowattrel""","""Electric""","""Flying""",Normal,70,70,60,105,60,125,490,0,1
942,"""Maschiff""","""Dark""",None,Normal,60,78,60,40,51,51,340,0,0
943,"""Mabosstiff""","""Dark""",None,Normal,80,120,90,60,70,85,505,0,0
944,"""Shroodle""","""Poison""","""Normal""",Normal,40,65,35,40,35,75,290,0,1
945,"""Grafaiai""","""Poison""","""Normal""",Normal,63,95,65,80,72,110,485,0,1
946,"""Bramblin""","""Grass""","""Ghost""",Normal,40,65,30,45,35,60,275,0,1
947,"""Brambleghast""","""Grass""","""Ghost""",Normal,55,115,70,80,70,90,480,0,1
948,"""Toedscool""","""Ground""","""Grass""",Normal,40,40,35,50,100,70,335,0,1
949,"""Toedscruel""","""Ground""","""Grass""",Normal,80,70,65,80,120,100,515,0,1
950,"""Klawf""","""Rock""",None,Normal,70,100,115,35,55,75,450,0,0
951,"""Capsakid""","""Grass""",None,Normal,50,62,40,62,40,50,304,0,0
952,"""Scovillain""","""Grass""","""Fire""",Normal,65,108,65,108,65,75,486,0,1
953,"""Rellor""","""Bug""",None,Normal,41,50,60,31,58,30,270,0,0
954,"""Rabsca""","""Bug""","""Psychic""",Normal,75,50,85,115,100,45,470,0,1
955,"""Flittle""","""Psychic""",None,Normal,30,35,30,55,30,75,255,0,0
956,"""Espathra""","""Psychic""",None,Normal,95,60,60,101,60,105,481,0,0
957,"""Tinkatink""","""Fairy""","""Steel""",Normal,50,45,45,35,64,58,297,0,1
958,"""Tinkatuff""","""Fairy""","""Steel""",Normal,65,55,55,45,82,78,380,0,1
959,"""Tinkaton""","""Fairy""","""Steel""",Normal,85,75,77,70,105,94,506,0,1
960,"""Wiglett""","""Water""",None,Normal,10,55,25,35,25,95,245,0,0
961,"""Wugtrio""","""Water""",None,Normal,35,100,50,50,70,120,425,0,0
962,"""Bombirdier""","""Flying""","""Dark""",Normal,70,103,85,60,85,82,485,0,1
963,"""Finizen""","""Water""",None,Normal,70,45,40,45,40,75,315,0,0
964,"""Palafin""","""Water""",None,Normal,100,160,97,106,87,100,650,0,0
965,"""Varoom""","""Steel""","""Poison""",Normal,45,70,63,30,45,47,300,0,1
966,"""Revavroom""","""Steel""","""Poison""",Normal,80,119,90,54,67,90,500,0,1
967,"""Cyclizar""","""Dragon""","""Normal""",Normal,70,95,65,85,65,121,501,0,1
968,"""Orthworm""","""Steel""",None,Normal,70,85,145,60,55,65,480,0,0
969,"""Glimmet""","""Rock""","""Poison""",Normal,48,35,42,105,60,60,350,0,1
970,"""Glimmora""","""Rock""","""Poison""",Normal,83,55,90,130,81,86,525,0,1
971,"""Greavard""","""Ghost""",None,Normal,50,61,60,30,55,34,290,0,0
972,"""Houndstone""","""Ghost""",None,Normal,72,101,100,50,97,68,488,0,0
973,"""Flamigo""","""Flying""","""Fighting""",Normal,82,115,74,75,64,90,500,0,1
974,"""Cetoddle""","""Ice""",None,Normal,108,68,45,30,40,43,334,0,0
975,"""Cetitan""","""Ice""",None,Normal,170,113,65,45,55,73,521,0,0
976,"""Veluza""","""Water""","""Psychic""",Normal,90,102,73,78,65,70,478,0,1
977,"""Dondozo""","""Water""",None,Normal,150,100,115,65,65,35,530,0,0
978,"""Tatsugiri""","""Dragon""","""Water""",Normal,68,50,60,120,95,82,475,0,1
979,"""Annihilape""","""Fighting""","""Ghost""",Normal,110,115,80,50,90,90,535,0,1
980,"""Clodsire""","""Poison""","""Ground""",Normal,130,75,60,45,100,20,430,0,1
981,"""Farigiraf""","""Normal""","""Psychic""",Normal,120,90,70,110,70,60,520,0,1
982,"""Dudunsparce""","""Normal""",None,Normal,125,100,80,85,75,55,520,0,0
983,"""Kingambit""","""Dark""","""Steel""",Normal,100,135,120,60,85,50,550,0,1
984,"""Great Tusk""","""Ground""","""Fighting""",Normal,115,131,131,53,53,87,570,0,1
985,"""Scream Tail""","""Fairy""","""Psychic""",Normal,115,65,99,65,115,111,570,0,1
986,"""Brute Bonnet""","""Grass""","""Dark""",Normal,111,127,99,79,99,55,570,0,1
987,"""Flutter Mane""","""Ghost""","""Fairy""",Normal,55,55,55,135,135,135,570,0,1
988,"""Slither Wing""","""Bug""","""Fighting""",Normal,85,135,79,85,105,81,570,0,1
989,"""Sandy Shocks""","""Electric""","""Ground""",Normal,85,81,97,121,85,101,570,0,1
990,"""Iron Treads""","""Ground""","""Steel""",Normal,90,112,120,72,70,106,570,0,1
991,"""Iron Bundle""","""Ice""","""Water""",Normal,56,80,114,124,60,136,570,0,1
992,"""Iron Hands""","""Fighting""","""Electric""",Normal,154,140,108,50,68,50,570,0,1
993,"""Iron Jugulis""","""Dark""","""Flying""",Normal,94,80,86,122,80,108,570,0,1
994,"""Iron Moth""","""Fire""","""Poison""",Normal,80,70,60,140,110,110,570,0,1
995,"""Iron Thorns""","""Rock""","""Electric""",Normal,100,130,110,70,84,72,566,0,1
996,"""Frigibax""","""Dragon""","""Ice""",Normal,65,75,45,35,45,55,320,0,1
997,"""Arctibax""","""Dragon""","""Ice""",Normal,90,95,66,45,65,62,423,0,1
998,"""Baxcalibur""","""Dragon""","""Ice""",Normal,115,145,92,75,86,87,600,0,1
999,"""Gimmighoul""","""Ghost""",None,Normal,45,30,25,75,45,80,300,0,0
1000,"""Gholdengo""","""Steel""","""Ghost""",Normal,87,60,95,133,97,84,556,0,1
1001,"""Wo-Chien""","""Dark""","""Grass""","""Sub-Legendary""",85,85,100,95,135,70,570,1,1
1002,"""Chien-Pao""","""Dark""","""Ice""","""Sub-Legendary""",80,120,80,90,65,135,570,1,1
1003,"""Ting-Lu""","""Dark""","""Ground""","""Sub-Legendary""",155,110,125,55,80,45,570,1,1
1004,"""Chi-Yu""","""Dark""","""Fire""","""Sub-Legendary""",55,80,80,135,120,100,570,1,1
1005,"""Roaring Moon""","""Dragon""","""Dark""",Normal,105,139,71,55,101,119,590,0,1
1006,"""Iron Valiant""","""Fairy""","""Fighting""",Normal,74,130,90,120,60,116,590,0,1
1007,"""Koraidon""","""Fighting""","""Dragon""","""Legendary""",100,135,115,85,100,135,670,1,1
1008,"""Miraidon""","""Electric""","""Dragon""","""Legendary""",100,85,100,135,115,135,670,1,1
1009,"""Walking Wake""","""Water""","""Dragon""",Normal,99,83,91,125,83,109,590,0,1
1010,"""Iron Leaves""","""Grass""","""Psychic""",Normal,90,130,88,70,108,104,590,0,1
1011,"""Dipplin""","""Grass""","""Dragon""",Normal,80,80,110,95,80,40,485,0,1
1012,"""Poltchageist""","""Grass""","""Ghost""",Normal,40,45,45,74,54,50,308,0,1
1013,"""Sinistcha""","""Grass""","""Ghost""",Normal,71,60,106,121,80,70,508,0,1
1014,"""Okidogi""","""Poison""","""Fighting""","""Sub-Legendary""",88,128,115,58,86,80,555,1,1
1015,"""Munkidori""","""Poison""","""Psychic""","""Sub-Legendary""",86,75,66,130,90,106,553,1,1
1016,"""Fezandipiti""","""Poison""","""Fairy""","""Sub-Legendary""",88,91,82,70,125,99,555,1,1
1017,"""Ogerpon""","""Grass""","""Rock""","""Sub-Legendary""",80,120,84,60,96,110,550,1,1
1018,"""Archaludon""","""Steel""","""Dragon""",Normal,90,105,130,125,65,85,600,0,1
1019,"""Hydrapple""","""Grass""","""Dragon""",Normal,106,80,110,120,80,44,540,0,1
1020,"""Gouging Fire""","""Fire""","""Dragon""",Normal,105,115,121,65,93,91,590,0,1
1021,"""Raging Bolt""","""Electric""","""Dragon""",Normal,125,73,91,137,89,75,590,0,1
1022,"""Iron Boulder""","""Rock""","""Psychic""",Normal,90,120,80,68,108,124,590,0,1
1023,"""Iron Crown""","""Steel""","""Psychic""",Normal,90,72,100,122,108,98,590,0,1
1024,"""Terapagos""","""Normal""",None,"""Legendary""",95,95,110,105,110,85,600,1,0
1025,"""Pecharunt""","""Poison""","""Ghost""","""Mythical""",88,88,160,88,88,88,600,1,1
